-vat kṛtvā,V1,N22
-vat kratvā,P6
-bandhastho,A1,J8,L1,M1,V6,B1,B2,B3,Bo2,C1,C2,C3,C4,C6,C8,J1,J3,J6,J13,J14,K1,Ko,LD1,LD2,N1,V2,N2,V3,N4a,V8,N5,N8,N9,N11,V21,N13,N16,N18,N19,N20,N21,N24,N25,N26,P1,P2,P3,P4,P7,Tue,V17,V14,R3,R5,V13,V10
-bandhasthe,J7,V19
-badhascho,Ba,Bo3,V28,V22
-baṃdhascho,J5,J11,J15,V15
-baddhastho,N12
-bandhastu,Bo1
-madhyastho,C9,J10,J12,J16,J17,N17,V4,N6,N7,N10,V20,V18,P5,P8,V12,LD1
-madhyasthā,P9
-madhyasthau,V16
-baṃdhasthau,N23
-badhestu,J2
0,C5,R2
jaṭharapradīptaṃ,V6,B1,B2,B3,Bo1,C1,J13,N1,V22,N13,N21,P2,R3
jaṭharapradīpti,Ba5,V10
jaṭharapradiptaṃ,P4
jaṭharaprakṛṣtaṃ,V14
jaṭharapradīpaṃ,P6
jaṭharapradīptiṃ,Bo3,Ko,N4a,Tue,R5
jaṭharapracaṇḍaṃ,K1,V1,N22,V15
jaṭharaṃ pracaṇḍaṃ,J11,
jaṭharapracaṃḍa,J5
matsyendra-vīra-jaṭhara-pracaṇḍaṃ,J4,N19
budhaṃ pracaṇḍa,V8
jaṭharapravṛddha,J10,J17,V2,N8,N11
jaṭharapravṛddhau,J15
jaṭharapravṛddhaṃ,N24
jaṭharapravṛddhiṃ,C1
jaṭharaprabuddhaṃ,C8,J14,N2,N12,V21,N23,V12
jaṭharaprabuddha,Ba,
jaṭharaprabuddhau,C4,L1,V19,V28,N5,N25,P3
jaṭharaprabodhaṃ,A1,C6,P7,
...bodhaṃ,R2
jaṭharāprabodhaṃ,V20
jaṭharaṃ prabadhaṃ,J2
jvalanapradīptaṃ,LD1,Bo2,C3,C9,J1,J3,J6,J8,N17,V3,V4,N6,N9,N18,V18,N26,P1,P5,V17,P8,V13,V16,P9
jvalanaṃ pradīptaṃ,J7,J12,LD2,N10,N16,N20
tvalanaṃ pradiptaṃ,J16,
jvalatpradīptaṃ,N7
0,C5,C7,M1
candrasthiratvaṃ ca dadāti,Ba5,J7,J10ac,J17,LD1,LD2,V6,B2,Bo1,Bo3,N4a,V4,V22,N10,N13,P1,Tue,P8,R5,V13,V10
candraṃ sthiratvaṃ ca dadāti,P9
candre sthiratvaṃ ca dadāti,C9,
candrasthiratvaṃ hi dadāti,B1,C2,N1,R3
cādrasthiratvaṃ hi dadāti,B3
candrasthiratvaṃ pradadāti,C1,N24
caṇḍasthiratvaṃ ca dadāti,N7
daṇḍasthiratvaṃ ca dadāti,A1,Ba,Bo2,C3,C6,C8,J1,J2,J8,J10pc,J11,J12,J14,J15,J16,K1,Ko,M1,N17,V1,V2,V3,N6,N9,N12,V20,N16,N18,N19,N20,N22,N26,P6,V17,V12,R2
daṇḍāsthiratvaṃ ca dadāti,P5
daṇḍāsthitatvaṃ ca dadāmi,V14
daṇḍaṃ sthiratvaṃ ca dadāti,P7
daṇḍasthiratvaṃ hi dadāti,J13,P2
daṇḍasthiratvaṃ hi dadātti,P4
daṇḍasthiratāṃ ca dadāti,V21
daṃḍaschiratvaṃ dadāti,J5,
daṇḍasthiratāṃ sa dadāti,J3,J6,
daṇḍasthiratvaṃ vidadhāti,C4,L1,V28,V18,N25,V16
daṇḍasthiratvāṃ vidadhāti,P3
daṇḍasthiratvaṃ pradadāti,N8,N11,V19,N23
daṃḍe sthiratvaṃ pradadāti,N5
daṇḍasthiratvaṃ jvalanaṃ,V8
sthirasvaṃ ce dadāti,N2
dehasthiratvaṃ ca dadāti,N21
kāyasthiratvaṃ ca dadāti,V15
kaḍasthiratvaṃ ca dadāti,J4
0,C5,C7
dorbhyāṃ padāgradvitayaṃ,A1,Bo1,C2,C6,C8,J4,V1,M1,B2,B3,N1,N4a,V21,V20,V22,V28,N16,N19,N21,N22,N23,N24,P2,P6,R5,V13,R2
dorbhyāṃ padāgredvitayaṃ,V14
dorbhyāṃ padāgradvītayaṃ,P7
dorbhyāṃ padāgnadvittayaṃ,P4
dorbhyāṃ padāgraṃ dvitīyaṃ,Ko,V15
dorbhyāṃ padāgradvitīyaṃ,R3
dorbhyāṃ padagradvitayaṃ,Bo3,Ba5,K1,N13,Tue,V10
dorbhyāṃ padāgryau dvitayaṃ,J5
dorbhyāṃ pādāgrādvitayaṃ,B1
dorbhyāṃ ca pādadvitayaṃ,C4,L1,V19,N5,N7,N8,N11,N12,P3
dorbhyāṃ ca pādaṃ dvitayaṃ,C1
dorbhyāṃ ca pādau dvitayaṃ,N25
dorbhyāṃ ca pādāgradvitayaṃ,J13
dorbhyāṃ sa pādāgradvayaṃ,J2
dvābhyāṃ karābhyāṃ dvitayaṃ,Bo2,C3,C9,J1,J3,J6,J7,J8,J10,J15,J16,J17,LD1,LD2,N17,V6,V4,V3,N6,N9,N10,N18,N20,V18,N26,P1,P5,V17,V16,LD1,P9
dvābhyāṃ karābhyāṃ hitayaṃ,J12,V12
dvābhyāṃ padāgraṃ dvitayaṃ,J11
dvābhyāṃ pādāgrādvitīyaṃ,P8
0,Ba,C7
dorbhyāṃ padagraṃthidvayaṃ,J14,N2
.. rbhyāṃ pādaṃbhyāṃ dvitayaṃ,V8
0,C5,
asyahṛdaye dhṛtvā,J7,J12,A1,V4,V18,V16,P8
asya hṛdayaṃ dhṛtvā,P9
āsyahṛdaye dhṛtvā,N10,V1,P1,P6
āsyahridayaṃ dhṛtvā,J16
eva hṛdaye dhṛtvā,C4,C7,C8,J5,J10,J11,J15,J17,Ko,V19,N2,N5,V21,N25,P3,V15,V14,R8,V12
eva hṛdaye kṛtvā,Bo3,K1,N4a,V22,N13,N19,N24,Tue,V10
eva niyataṃ dhṛtvā,C1,C3,J14,V8,V28
eva niyataṃ kṛtvā,B1,B3,Bo2,C2,C6,J1,J3,J6,J8,J13,L1,N17,LD1,N1,V3,N12,V20,N16,N18,N20,N21,N26,P2,P4,P7,R3,R5
ekahṛdaye dhṛtvā,J4,N3,N23
ekahṛdayo dhṛtvā,J2,M1
eva sudṛḍhaṃ kṛtvā,N8,N11
vāmaniyataṃ dhṛtvā,V6
samyak hṛdaye dhṛtvā,N9
āsyahṛdaye kṛtvā,N22,V17
asya hṛdayeḥ dhṛtvā,C9
meḍhre pādam atho hṛdi svacibukaṃ,N7
meṃḍhraṃ pādam athaikam,Bo1,LD1,LD2
meḍhre pādam athaikm eva hṛdaye,Ba5,N7
meṃḍhreṃ pādam athaikam,LD2
meḍhraṃ pādam athaika samyak meva hṛdaye dhṛtvā,P5
0,Ba,C5,V13,R2
yameṣv eva mitāhāra,C2,J10,J17,M1,V1,V6,P8
yameṣv eva sitāhāra,V16
yameṣv eva mitāhāro,N7
yameṣv eva mitāhāram,C4,B2,J14,N2,N5
yameṣv eva ātmacetana,V28
yameṣv iva mitāhāra,B1,B3,Bo1,Bo2,C3,C9,J3,J6,J8,J13,J15,K1,Ko,LD1,N17,N1,V3,V4,N9,N10,N14,N16,N18,N21,N26,P1,P2,P4,R3,V12,LD1,P9
jameṣṭiva mitāhāram,J5
yameṣv iva mitāhāro,V18
yameṣv iva mitāhāre,P5
yameṣv iva mītāhāra,J16,
yameṣv iva mitāhāram,A1,Bo3,Ba5,C1,C7,C8,J4,J11,L1,LD2,V19,N4a,V22,V21,N13,N23,N24,N25,P3,P7,Tue,V15,R5,V13,V10
yamiṣviva mitāhāram,V14
yameṣv iva mitāhā,V8
niyameṣu mitāhāro,N8,N11,N12
niyameṣu mitāhārā,J12,
0,Ba,V20,R2
yameśiva mitāhāram,N19
yameṣv eva mitāhāra,N20,V17
yameṣu ca nirāhārī,N22,P6
yameṣu ca mitāhārm,C6,
yamaṣviva mitāharm,J1
niyameṣu mitāhari,J2
yameṣv api mitahāraḥ,J7
0,C5,
ahiṃ niyameṣv iva,B1
ahiṃsā niyameṣu ca,J4,M1,V1,N22,P6
ahiṃsā niyameṣv api,B2,J14,N2,N24,V14
ahiṃsā niyameṣv iva,A1,B3,Ba5,Bo1,Bo2,Bo3,C2,C3,C4,C7,C8,C9,J1,J3,J5,J6,J7,J8,J10,J11,J13,J15,J17,Ko,LD1,LD2,N17,V3,V4,N5,N9,V21,N13,N14,N16,N19,N20,N21,V18,N25,N26,P1,P2,P4,P7,V16,P8,R3,R5,V13,V12,LD1,P9
ahiṃsā niyāmaṣv iva,P5
ahiṃsā niyameṣu eva,V17
āhiṃsā niyameṣv iva,Ko,
ahiṃsā nīyame sthitā,K1,
ahisā nīyameṣv iva,J16,
aṃhiṃsā niyamaṣv iva,J12,
svāhiṃsā niyameṣv iva,V6
ahiṃsāṃ niyameṣv iva,L1,V19,N4a,V22,P3,Tue,V15,V10
ahiṃsāṃ niyameṣu ca,C6,
ahiṃsā niyaṃmaiṣv iva,N1
hiṃsā ca niyameṣv iva,N7
yathāhiṃsā yameṣv iva,N8,N11
ahiṃsā niyameṣv iha,N10
asiṃsā niyame sthata,V8
yameṣv evātma-cintanaṃ,N12
na hiṃsāṃ niyameṣv iva,N23
kṣamasye ātmacintane,J2
0,R2
suṣumṇā iva nāḍikā,V1,N22,P6
suṣumṇā iva nāḍiṣu,B2,J4,J14,K1,Ko,N2,V8,N19,V12
suṣumṇā ca nāḍiṣu,J5,
suṣumṇā eva nāḍiṣu ,V20
suṣumṇā iva nāḍiṣuḥ,N8
suṣumiva nāḍiṣu,V28
suṣumṇām eva nāḍiṣu,J10ac,J17,N24,V14
suṣumṇām iva nāḍiṣu ,A1,C1,C4,C6,C7,C8,C9,J1,J2,J3,J6,J11,J15,L1,M1,V19,N5,N7,N12,N16,N23,N25,V15,V13
suṣuṇmām iva nāḍiṣu,P7
suṣumṇām iva ḍinoṣu,P3
nāḍīnāṃ malaśodhanam,B1,B3,Ba5,Bo1,Bo3,C2,C3,C9,J8,J12,J13,LD2,N1,N4a,N10,N13,N18,N20,N21,N26,V3,V22,P1,P2,P4,Tue,V17,R3,R5,V10
nāḍināṃ malasodhanaṃ,J16,
nāḍīnāṃ malaśodhanā,P9
nāḍīnāṃ malaśodhane,J7,J10pc,LD1,N9,N17,V6,V21,N14,V18,P5,V16,P8,V12,LD1
suṣumṇādiṣu śodhanam ,V4
śramādau bahubhiḥ pīṭhaiḥ,V1
śramadair bahubhiḥ pīṭhaiḥ,B1,B3,Bo1,Bo2,C1,C2,C6,C8,J3,J6,J13,J14,K1,M1,N1,N12,N16,N21,N22,N23,N24,P2,P4,P7,V14,R3,V13
śramadair bahubhiḥ pīṭhai,P6
śramadai bahubhiḥ pīṭhaiḥ,Ba,C9mg,J5,
śramadair bahubhi pīṭhai,N8
śramādaiḥ bahubhi pīṭhaiḥ,V21
śramadairghyādibhiḥ pīṭhaiḥ,C4,C7,L1,V19,N5,N25,P3
śramadairdhyādibhiḥ pīṭhaiḥ,V28
śamardda bahubhiḥ pīṭhaiḥ,J1
sanastai bahubhyaḥ pīṭai,V8
 bahubhiḥ pīṭhaiḥ,N2
samastair bahubhiḥ pīṭhaiḥ,J2,J4,J11,Ko,
samasta bahubhiḥ pīṭhai,V15
kim ādyair bahubhiḥ pīṭhaiḥ,A1,C9,J7,J8,J10,J17,LD2,N17,V6,V3,V4,N7,N14,V20,N18,N20,V18,N26,P5,V17,P8,V12,LD1,R2,P9
kim ādyair bahubhiḥ pīṭheḥ,N9,V16
kim adyair bahubhiḥ pīṭhaiḥ,N10
kim ādyair bahubhiḥ piṭhaiḥ,J15,LD1,P1
kim anyair bahubhiḥ pīṭhaiḥ,Ba5,C3,N4a,N13,Tue,R5,V10
kim anyair bahuniḥ pīṭhaḥ,Bo3,V22
kim arthai bahubhiḥ pīṭhai,J12,J16,
kiṃ śramair bahubhiḥ pīṭhaiḥ,B2
pramadair bahubhiḥ pīṭheḥ,N19
0,C5,
sadā siddhāsanasthiteḥ,A1,V20,V12,R2
sadā siddhāsane sati,B1,B3,Bo1,C2,C9,J7,J8,J10,J11,J12,J15,J17,LD1,LD2,N17,V1,V6,N1,V4,N7,N9,N10,N20,N22,V18,N26,P1,P2,P4,P5,P6,V17,V16,P8,LD1,P9
sidhe siddhāsane sati,V10
sadā siddhāsane satī,J16,
sadā siddhāsane satya,V3
sadā siddhāsanaṃ,V8
sadā siddhāsanā nyāsāt,V22
sadā siddhāsanābhyām sādyogī,V14
yadā siddhāsane sati,J2,J4,N2
yadā siṃhāsane sati,Ko,
siddhe siddhāsane sati,Ba5,Bo3,C3,N4a,N13,Tue
siddhe siddhāsane miti,R5
kiṃ sadā siddhasādhanaiḥ,M1
kiṃ syāt siddhāsane sati,Bo2,C1,C4,C7,J1,J3,J5,J6,J13,L1,V19,B2,V28,N5,N16,N21,N25,P3,V15,R3
kiṃ syāt siddhāsane mati,N8
kiṃ syāt siddhāsane sthite,C6,C8,V21
kiṃ syā siddhāsane sthite ,P7
kiṃ syāt siddhāsana sthite ,N23
kiṃ syāt siddhāsane schite,Ba
kiṃ vā siddhāsane sati,J14,N12,N24
kiṃ syāt siddhāsanaiti,N18
kiṃ sadā sevanena tu,K1,N19
0,C5,N14,V13
,
vakṣa sthāpayet ,J8,J10,J17,LD2,N18,V6,N7,P8,N18,V12,V3,P9
vakṣaḥ sthāpayet,Bo1,B2,C3,J1,J12,J15,J16,K1,LD1,V18,P1,P5,V16,N10,N22,LD1
vandā sthāpayet,V17
vakṣa sthāpayat,N17
vakṣe saṃsthāpayat,Ko,
vakṣe uthāpayet,V4
vakṣa sthāpya?,J7,C9,N5
vatsa sthāpayet ,N20,N26
vakṣaṃ sthāpayet,V1
vakṣasy āsthāpya,C4,L1,M1,V19,P3
vakṣasy utthāya,Bo2,C6,N16,N8,N11,N16
vakṣasy utthāpya,B5,Bo3,C1,J13,J14,N13,N21,N23,N24,Tue,N1,N4a,R5
vakṣasy utṭhāpyo,J4,J11,
vakṣasy utṭhāgre,J6
vakṣasy oschāpyo,J5
vakṣyasy utthāpyot patane...,N19
vakṣyasy asthāpya,N25
vakṣyapyutchāpya,Ba
vakṣe sthāpayet,N14,P2,P4,N9
vakṣe syu sthāpya pavanaṃ,V10
vakṣye sthāpayet,C2
vakṣye pyutthāya,C8
vakṣyesu uttānya,V14
vikṣe sthāpayet,R3
cakṣasya utthāpya,V15
svakṣasy utthāpya,P7
urghātopaticotanau karau kṛtvā tato dṛśaṃ?,J2
dakṣasy utthāgret,J3
utkuṃcya cibukaṃ vakṣa sthāpayet ,P6
sannāya cibukaṃ vakṣyasy utthāpya,N2
yuktaṃ vakṣastha-cibukaṃ mākramet,N12
0,C5,V13,R2
,
dhyānaṃ tataś cetasi,J2,V1
dhyānaṃ tataś cepsitaṃ,J15,C9
dhyānaṃ tataś cośitaṃ,V6
dhyānaṃ tataś conmitaṃ,P5
dhyānaṃ tataḥ conmī,N1
dhyānaṃ ca tac cetasi,B2,B3,Ba,Bo1,Bo2,C1,C2,C4,C6,C7,C8,J4,J5,J8,J11,J12,J13,K1,Ko,L1,V19,N25,N26,P2,P3,P4,P6,P7,V4,V17,V16,N3,N5,N8,N11,V15,V14,P8,R3,V13,N14,N16,N17,N19,V12,V3,N21,N23,N24,R2,P9
dhyānaṃ ca tecesi,V8
dhyānaṃ ca tac cepsitaṃ,A1,J1,J3,J6,J10,J14,J16,J17,LD1,P1,N7,N9,N10,N12,N18,LD1,N20,N22
dhyānaṃ ca yac cepsitaṃ,C3,
dhyānaṃ ca tac cepsite,J7,
dhyānaṃ ca tatrepsitaṃ,LD2,N2
dhyāyaṃś ca tac cetasi,Ba5,Bo3,M1,Tue,N4a,N13,V10,V22
dhyāyaṃś ca taṃ cepsitaṃ,R5
0,C5,
,
protsālayan pūrayan,V1
protsārayan pūrayan,J7,V6,N7,N12
protsārayaḥ pūrayem,V8
protsārayan pūritaṃ,A1,Ba5,Bo3,C1,C6,C8,J10,Tue,N4a,V14,R5,V13,N13,V10,V22,R2
protsārayat pūritaṃ,P7
protsyā?rayat pūritaṃ,Ba
protsārayan pūrayet,C4,L1,N25,P3
protsārayet pūrayan,V19
protsārayet pūrayet,C7
protsāraṇaṃ pūrayet,N5
protthāya yat pūrayan,B3
protthāpanṃ pūrayet,Bo1,
protthāpayan pūrayan,C2,P2,P4,N1,R3,P9
procārayet pūritaṃ,J8
prottāsayan pūritaṃ,V12
prollāsayan pūritaṃ,J10,J17,N17,P1,P5
prollāśayet pūritaṃ,J15,N9
prolāsayet pūrayan,J12,
prollāsayet pūrayan,N10
prollosayana pūrayan,LD2
prollāsayet pūrayet,J16,
prollāsayan pūrayan,C9,V16,P8,V4
proyan pūrayan,LD1
prollāsat pūritaṃ,C3,
prollāghayan pūrayan,LD1
procāraranu pūritaṃ,J5
proccārayan pūritaṃ,M1,V17,N3
proccārayan pūrayan,J4,
proccārayat puraya yataṃ,J1,
proccārayat pūritaṃ,N2
proccārayet pūritaṃ,V15,V3,N23
proccārayet pūrayet,N19
proccālayan,K1
proccālayan pūrayen,B2
proccālayan pūrayet,J13,
proccālayaṃn pūrayan,P6,N22
proccālayan pūrayan,N18,N24
proccālayan pūritaṃ,J2,J14,Ko,N26,N20
proccālayet pūritaṃ,Bo2,J3,J6,N16
proccālitaṃ pūritaṃ,N14
proccānalaṃ pūrayen,N21
prodbhāyan pūrayet,N8
prodṭayan pūrayet,N11
,
śaktiprabhāvān naraḥ,B3,Ba5,Bo2,Bo3,C1,C2,C6,C8,J1,J3,J6,J8,J11,J13,J14,K1,Ko,M1,V1,P2,P4,Tue,N2,N3,V15,V14,R3,R5,V13,N13,N16,N19,V10,V22,N23
śaktiprabhāvān nara,V3
śaktiprabhāvā naraḥ,V8,N22
śaktiḥ prabhāvān naraḥ,Ba,
śaktiṃ prabhāvān naraḥ,Bo1,
śaktiṃ svabhāvān naraḥ,N21
saktiprabhāvān,J5
śaktiprabhāvon naraḥ,N1,N7
śaktiprabhāvīn naraḥ,P6
śaktiprabhāvaṃ naraḥ,J12,N4a
śaktiprabhān naraḥ,B2
śaktiprabhāvāṃtaraḥ,N18
śaktiprabhāvodayāt,C4,C7,L1,V19,N25,V16,N5,N14
śaktiḥ prasādān naraḥ,J2,
śaktimabhāvodayāt,P3
śaktiḥ prabhāvodayāt,A1,R2
śaktiprabodhodayāt,N20
śaktiprabhāvodayaḥ,J7,V6
śaktiprabhāvād ataḥ,C3,C9,J10,J16,P5,P7,N9,N10,N11,N12,P8,V12,LD1,N24,P9
śaktīprabhāvad ataḥ,LD2
śaktiprabhāvad ata,J15,N8,V4
śaktiprabhāvataḥ,J17
śaktiprabhāvadhataḥ,V17
śaktiprabodhodayāt,N17,N26
śaktiprabhāvodhayaḥ,P1
bhakti prabhāvodayaḥ,J4,
0,C5,
mārutaṃ nayate yas tu,C6,C8,
mārutaṃ niyato yas tu,Ba,
mārutaṃ niyatam yaskta,V14
mārutaṃ niyatam yas tu,V8,N23
mārutaṃ nīyate yas tu,C1,
mārutaṃ pīyate yas tu,V1
mārutaṃ pīvyate yas tu,J8ac,V3
mārutaṃ yaḥ pīvet nitya,V13
mārutaṃ pibati yas tu,J8pc
mārutaṃ pibate yas tu,J11,
mārutaṃ yas tu pibati,A1,C9,J7,J10,J12,J15,J17,LD2,N17,V6,N26,P1,P5,P6,P7,V17,V16,N7,N9,N10,P8,N14,V4,LD1,N20,R2,P9
māruto yas tu pibati,N22
mārutaṃ yaska pibati,V12
māruta yas tu pibati,R1
mārutaṃ yas tu pibaṃti,C3,
mārutaṃ yas tu pībaṃti,J16,
mārutaṃ dhārayet yas tu,Ba5,Bo2,Bo3,C2,C7,J1,J3,J6,J13,L1,M1,V19,N25,P2
māruto dhārayed yas tu,N1,R3,V22
māruta dhāraye?as tu,N21
mārutaṃ dhāraye yas tu,N8,N18
marutaṃ dhārayed yas tu,C4,N5,V15
mārutaṃ māryatd yas tu,J5
mārutaṃ mriyate yas tu,N3
mārutaṃ mriyate yasmāt,Ko,
māruto mriyate yas tu,J4
māruto bhidyate yasya,B2,Bo1,J14,K1,N2,N19
mahato dhārayed yastu,B3
pavanṃ prāsayeta saṃstu,J2
0,C5,
nāsāgre nyastalocanaḥ,B3,C2,C9,J7,J13,J16,N17,V1,V6,P2,P4,N1,N7,R3,N22
nāsāgre nyastalocanā,P6
nāsāgra-nyastalocanaḥ,A1,Bo1,C3,J10,J17,N26,P1,P5,V16,N10,V12,V4,LD1,LD2,N20,R2
nāsāgraṃ nyastalocanaḥ,P9
nāsāgranyastalocanaṃ,J8
nāsāgraṃ nyastalocanaṃ,P7,V17,V3
nāsāgra susamāhitaḥ,C8,
nāsāgraṃ susamāhitaḥ,Bo2,Bo3,C1,C4,J1,J2,J3,J6,J11,J14,J15,K1,Ko,L1,M1,V19,N25,P3,Tue,N2,N4a,N5,N12,V15,V14,V13,N13,N16,V10,V8
nāsāgrastu samāhitaḥ,N23
nāśāgre susamāhitaḥ,N19,
nāsyagraṃ tu samāhitaḥ,J5,
nāsāgraṃ susamāhitaṃ,Ba5,C6,V22
nāsāgryaṃ susamāhitaṃ,N18
nāsāgraṃ susamāhita,N8
nāsāṃgraṃ susamāhitaḥ,N11
nāśāgraṃ tu samāhitaḥ,N3,
nāsāgraṃ tu samāhitaḥ,N24
nāsāgre susamāhitaḥ,B2,Ba,K1,N21
nāsāyāṃ susamāhitaḥ,J4,
nāsāṃ tu samāhitaḥ,R5
nāsāgre neṣu nocana,N14
,C5,C7,
kurute cāsanottamam,B3,Ba,Ba5,Bo1,Bo2,Bo3,C1,C2,C4,C6,C8,J1,J3,J5,J6,J7,J8,J10pc,J13,J15,L1,N17,V6,N26,P2,P3,P4,P5,P7,Tue,N1,V17,N4a,N5,N8,N11,N12,V15,R3,R5,V13,N13,N14,N18,N19,V8,V3,N20,N21,N23,R2
kuruta cāsanottamam,V22
kurute cāsanomatam,V10
kurute cāsanottame,N16
kurute cāsanottamaḥ,J2,
kurute cāsanotraye,V14
kurute cāsanottama,A1,
kurute cāsanontayam,N24
kurute vāsanottamam,V1,V19,N3
kurute sādhanottamam,C3,J12,J10ac,J16,J17,P1,V16,N9,N10,V12,V4,P9
kurute sādhanottaramaṃ,P8
kurute sādhakottamam,C9,N7,
kurute sādhakottamaḥ,LD1,LD2
kurute cāsanam uttamaṃ,N25
sevate cāsanottamaiḥ,J14,
sevate cāsanottamaṃ,J11,Ko,N2
sevyate cāsanottamaṃ,J4,
,B2,C5,C7,K1,M1,P6,N22
sarvavyādhi-viṣāpaham,C3,C9,J5,J7,J8,J10,J12,J15,J16,J17,LD1,V1pc,V6ac,P1,P5,P6,P7,V17,N3,V16,N9,N10,P8,R1,V12,V3,V4,N22,P9
sarvavyādhī-viṣāpaham,LD2
sarvavyādhi-vināśanam,A1,B2,B3,Ba,Ba5,Bo1,Bo2,Bo3,C1,C2,C4,C6,C7,C8,J1,J2,J3,J4,J6,J11,J13,K1,Ko,L1,N17,V1ac,V6pc,V19,N25,N26,P2,P3,P4,Tue,N1,N4a,N5,N7,N11,N12,V15,V14,R3,R5,N13,N14,N16,N18,N19,V10,V8,V22,N23,N24,R2
sarvavyāvināśanam,N21
sarvadhyādhi-vighātakaṃ,N20
sarvavyādhi-praṇāśanaṃ,J14,N2
kaphavātāmayāpahaṃ,M1
,C5,N8,V13
Yes,B1,B2,B3,Ba,Bo1,Bo2,C1,C3,C4,C6,C8,C9,J1,J3,J6,J7,J8,J10,J11,J12,J13,J14,J15,J16,J17,K1,L1,LD1,LD2,N5,N17,N25,V3,V17,V25,P8,R1,R3,N14,N16,N18,V12,LD1,N7,N9,N10,N13,N20,N21,N26,P1,P3,P4,P5,P7,R2,P9
Yes but the 4th line appears as the 2nd line,C2,J13,N1,P2
No,A1,Ba5,Bo3,C1,C5,C7,J2,J4,J5,Ko,M1,V1,V6,V8,V19,R5,N19,V10,V22,V4,V13,N3,N4a,N8,N11,N12,N22,N23,N24,Tue,P6
Yes,B1,B3,Ba,Bo2,C1,C2,C4,C7,C8,J1,J3,J6,J7,J13,L1,N5,N17,N25,V6,V19,R3,N14,N16,N18,N1,N8,N11,P2,P3,P4,N13
No,A1,B2,Ba5,Bo3,C3,C5,C6,C9,J2,J4,J8,J5,J10,J11,J12,J14,J15,J16,J17,K1,Ko,LD1,LD2,M1,V1,V3,V8,V17,V25,P8,R1,R5,N19,V12,V10,V22,V4,LD1,V13,N2,N3,N4a,N7,N9,N10,N12,N20,N21,N22,N23,N24,N26,Tue,P1,P5,P6,P7,R2,P9
Yes,B1,B3,Ba,Bo2,C1,C2,C4,C7,C8,J1,J3,J6,J7,J13,L1,N5,N17,N25,V6,V19,R3,N14,N16,N18,N8,N11,P2,P3,P4
No,A1,B2,Bo3,C3,C5,C6,C9,J2,J4,J8,J5,J10,J11,J12,J14,J15,J16,J17,K1,Ko,M1,V1,V3,V8,V17,V25,P8,R1,R5,N13,N19,V12,V10,V22,V4,LD1,V13,N2,N3,N4a,N7,N9,N10,N12,N20,N21,N22,N23,N24,N26,Tue,P1,P5,P6,P7,R2,P9
āsanaṃ kumbhakaś citro,J8pc,N24
āsanaṃ kumbhakaś citraṃ,B2,C3,J7,J8ac,J10,J12,J15,N17,P8,N14,V12,LD1,LD2,N4a,N10,N12,N20,P1,P5
āsanaṃ kumbhavaś citra,J2,
āsanaṃ kumbhavaś ciaṃ,P9
āsana kumbhakaś citraṃ,V3
āsanaṃ kumbhakāś citrāḥ,N8,N11
āsanaṃ kumbhakāś citrā,P7
āsanaṃ kumbhakācitraṃ,Tue
āsanaṃ kumbhakaṃś citraṃ,C9,J17
āsanaṃ kumbhakaṃ citraṃ,A1,B1,B3,Ba,Ba5,Bo1,Bo2,Bo3,C1,C2,C4,C6,C7,C8,J1,J3,J4,J5,J6,J11,J13,J14,K1,Ko,L1,M1,V19,R3,R5,N13,N16,N19,V10,V22,V4,N1,N5,N23,N25,N26,P2,P3,P4,P6,R2
āsanaṃ kumbhakaṃ śvitraṃ,N21
āsanaṃ kumbhaka citrāṃ,J16,N7
āsanaṃ kumbhaka citaṃ,N18
āsanaṃ kubhakaṃ citraṃ,N2
asanaṃ kumbhakaṃ citraṃ,N3,N9
,V13
,C5,N22,R1
mudrādikaraṇāni ca,A1,B2,C3,C9,J7,J8pc,J10,J12,J15,J16,J17,LD1,N17,P8,N14,V12,N7,N9,N10,P1,P5,P7,R2,P9
mudrānikaraṇāni ca,LD2
mudrādikāraṇāni ca,V4
vicitrīkaraṇāni ca,J2,
mudrādi pavanakriyā,B1,B3,Bo1,C2,J5,J8ac,J13,R3,V3,N1,N20,P2,P4
mudrādi pavanakriyāḥ,N26
mudrākhyaṃ karaṇaṃ tathā,Ba,Ba5,Bo2,Bo3,C1,C3,C6,C7,C8,J1,J3,J11,L1,M1,V19,R5,N13,N16,N18,N19,V10,V22,N5,N11,N12,N21,N23,N25,Tue,P3,P6
mudrākhaṃ karaṇaṃ tathā,N24
mudrākhyaṃ karaṇaṃ bhavet,N3
mudrākhyakaraṇaṃ tathā,Ko,N4a,N8
mudrādi karaṇaṃ tathā,K1,
mudrākṣaṃ karaṇaṃ tathā,J4,J6,
mudrakhecaraṇīṃ tathā,J14
mudrakhecariṇīṃ tathā,N2
,V13
,C5,N22,R1
,
atilavaṇaṃ tilapinḍaṃ,J17,LD2,N10,R1
atilavaṇaṃ tilapinḍa,C3,J8pc,J10,J15,J16,LD1,N17,V4,N9,N20,P1,P5,P8,P9
atilavaṇaṃ tilapiṇḍā?,N14
atilavaṇaṃ tilaṃ pinḍa,J8ac
atilavaṇaṃ tilaṃ pinḍaṃ,V3
atilavaṇaṃ tilapiṇyākadarśanam,N26
atilavaṇam amlayuktaṃ,A1,B3,Ba,Ba5,Bo3,V22,V10,N1,N4a,N11,N13,Tue,P2,R2,R5
atilavaṇama malayuktaṃ,C2,
atilavaṇamalayuktaṃ,P4,R3
atilavaṇāmlayuktaṃ,P7
atilavaṇa amlayuktaṃ,C6,C8,V13
atilavaṇa amlayutaṃ,J11,
atilavatilapi,V6
atilavaṇatiktapiṇḍa,B2
atilavaṇatilapiṇḍakaṃ,C9
atilavaṇaṃ dyuṣṇaṃ,V1
atilavaṇam apramuṣṇaṃ,M1
atilavaṇam ca apramitaṃ,V8
atilavaṇam cāpramitaṃ,P6
atilavaṇaṃ ca tilapiḍaṃ,N7
atilavaṇam pramitaṃ,J12,K1,
atilavaṇādi prasaktaṃ,J14,
atilavaṇādi proktaṃ,N22
atilavaṇacāmlapiktaṃ,N19
atilavaṇakavalṃ cāpamitaṃ,J1,
atilavaṇasavapalala,V19
atilavaṇasavapalalaṃ,N25
atilavaṇaṃ salalaṃ,N8
atilavaṇaṃ palilaṃ,R4
atilavaṇāsavapalalaṃ,C1,C7,L1,N5
atilavaṇātiproktaṃ,J2,
atilavaṇādiyutaṃ,J4,
atilavaṇādyaptataptaṃ,J5,
atilavaṇādyapranaṃ,N3
atilavaṇādyapratapta,N12
atilavanā?ānalala,N24
atilavaṇamatprayuktaṃ,N21
atilavaṇāmavapalalaṃ,C4,
atilavaṇāya priyatavṃ,Ko
atilavaṇaṃ sapalaṃ ca,Bo2,J3,J6,
atilavaṇasalilaṃ kadaṣana,B1,Bo1,J13,
atilavaṇetilapiṃḍakvadaśanaṃ,J7
atilavaṇaprasūtaṃ,N2
atilavaṇaṃ kavalaṃ cāpramitaṃ piṇḍa,N18
atīlavaṇāmlapṛktaṃ,N23
0,C5,N16,P3
śākotkaṭaṃ,A1,B2,B3,Ba5,Bo1,Bo3,C1,C2,C3,C4,C6,C8,C9,J2,J3,J4,J6,J10,J11,J12,J13,J14,J15,J17,K1,Ko,L1,LD1,LD2,V6,V19,V22,V4,V10,V13,N2,N3,N4a,N7,N11,N13,N18,N19,N21,N24,N25,Tue,P2,P5,P6,P7,P8,R1,R2,R3,R4,R5,P9
śākotkaṭhaṃ,V8
śākotkavaṃ,J5,
śākotkaṭa,Bo2,J8pc,J16,N1,N9,N26
śākotkarṭeṃ,P4
śākātkaṭa,V3
śākotchadaṃ,Ba,
śākolkaṭaṃ,P1
śākokṣadaṃ,N23
śāṃkotkaṭaṃ,N10
śāketkaṭaṃ,C7
śokātkaṭa,J8ac,V1
śokotkaṭaṃ,B1,J7,
śāśotka,M1
śātkṭaṃ,J1,
śa?tāsanaḥ,N14
sākotkaṭa,N20
sākotkaṭaṃ,N22
syacotkaṭaṃ,N12
0,C5,N17,N8,N16,P3
kotkaṭaṃ,N5
varjyaṃ,A1,B1,B2,B3,Ba5,Bo1,Bo3,C1,C2,C4,C7,C9,J3,J6,J13,J15,K1,L1,LD2,V3,V6,V19,V22,N1,N4a,N5,N11,N12,N13,N22,N25,Tue,P2,P4,P6,P7,R3,R4,R5
varjya,V8,V10
varjyāṃ,J16
varjaṃ,J7,J10,J12,J17,M1,N9,R1
varjjyaṃ,P5
varjitaṃ,J1,Bo2,J8,LD1,V3,N18,N20,N26
varyyaṃ,N7,R2,P9
varjjāṃ,N19
varjet,N10
varjayet,C3,P1
vayīṃ,P8
duṣṭaṃ,C6,C8,J4,J5,J11,J14,Ko,V13,N2,N21,N23,N24
duaṃ,N3
dṛṣṭaḥ,
durjvaṃ,Ba,
0,C5,N17,V1,V4,N8,N14,N16,P3
mudgādi divyam udakaṃ ca,A1,B2,Ba,Ba5,Bo3,C6,C8,J5,J7,J10,J11,J12,J16,J17,K1,L1pc,LD1,LD2,N17,V1,V6,V8,V22,V4,V13,N1,N10,N12,N13,N14,N20,N22,N23,N24,N26,Tue,P1,P6,P8,R1,R2,P9
mudgādi divyam udakaṃ,N18
mudgādi divyam udakaṃ ka,N4a
mudgādi divyam udake ca,R5
mudgādi divyam udakaṃ yamīndra,V3,N2
mudgādi divyam udakaṃ hi,C3,J14,J15,N9,P5
mudgādi pivyam udakaṃ ca,J2,
mudgājya divyam udakaṃ ca,C9
mudgādivyam udakaṃ ca,C4,J8,M1,V10,N3
mudgādi divyagaditaṃ ca,N7
mudgādi divyamuktaṃ,Ko,
mudgādi cālpam udakaṃ ca,B1,B3,Bo1,Bo2,C1,C2,C7,V19,N5,N11,N21,P2,P4,R3,R4
mudgādi cālyam udakaṃ ca,L1ac,N8
mudgādi cājyam udakaṃ ca,N16
mudgādi cālpa sudakaṃ ca,J1
mudgādi dālpam udakaṃ ca,J3,J6,J13,
mudgādi dālpamudgaṃ ca,N25
mudrādi divyam udakaṃ ca,P7
mudrādi divyam udakaṃ ca mudakaṃ,N19
0,C5,J4,P3
munīndrapathyaṃ,B1,B2,B3,Bo1,C1,C2,C4,C7,J3,J5,J6,J13,J16,J17,K1,L1,LD2,V1,V19,N1,N5,N11,N19,N21,N22,P2,P4,R4
munīdrapathyaṃ,N8,R3
munīndrapathaṃ,N25
mahendrapathyaṃ,N9,P5
yamīndrapathyaṃ,A1,Ba,Ba5,Bo3,C6,C8,C9,J7,J8,J10,J11,J14,LD1,M1,N17,V6,V22,V3,V4,V10,V13,N2,N3,N4a,N12,N13,N14,N20,N26,Tue,P1,P6,P7,P8,R2,R5,P9
yamīṃdrapraparyya,N24
yatīṃdrapathyaṃ,J2,N10,N23
yamendrapathyaṃ,C3,
yogīdrapathya,J1,
mūnidra pathayam,V8
munidra pathayam,J12,
munīdramukhyaiḥ,N7
muṃhanīdrapathya,J15
suyogipathyaṃ,N16
varayogipathyaṃ,N18
jamodūpathyaṃ,R1
paramaṃ hitaṃ hi,Ko,
0,C5,J4,P3
iṣṭaṃ sumadhuraṃ,A1,J3,J6,J10,N18,P7,R2,P9
iṣṭaṃ samadhuraṃ,C9,J7,J17,LD2,N17,V19,V4,LD1,P1,P8,R1
iṣṭaṃ saṃmadhuraṃ,N7
daṣṭaṃ samudhūraṃ,J16,
dṛṣṭaṃ samūdhuraṃ,K1
dṛṣṭaṃ sumūdhuraṃ,N10
piṣṭaṃ sumadhuraṃ,C8,N8,N11,N14
pathyaṃ sumadhuraṃ,J12,
puṣṭaṃ sumadhuraṃ,Ba5,Bo3,N4a,N13,Tue
puṣṭaṃ samadhuraṃ,R5
yeṣṭaṃ sumadhura,V13
yuṣṭaṃ sumadhuraṃ,V10,V22
mṛṣṭaṃ sumadhuraṃ,M1,V1
mṛṣṭaṃ sumadhurāṃ,Ko
mṛṣṭaṃ sumadhusnigdhaṃ,N3
mṛṣṭaṃ samadhuraṃ,C3,
miṣṭaṃ samadhuraṃ,J8,Ba,C4,N20,N26,P5
miṣṭaṃ sumadhuraṃ,Bo2,C6,J1,J11,J14,N2,N16,N19,N21,N22,N23,R4
miṣṭaṃ samudhuraṃ,J5,J15
miṣṭaṃ sūmadhuraṃ,P6
miṣṭaṃ sumadhura,N25
miṣṭaṃ madhuraṃ,V3
miṣṭaṃ ca madhuraṃ,B2
maṃaṃ samudhuraṃ,N9
sumiṣṭaṃ madhuraṃ,N12
uṣṇaṃ sumadhuraṃ,B1,Bo1,C2,C7,L1,J13,N1,P2
uṣṇaṃ samadhuraṃ,C1,
uṣma sumadhuraṃ,B3
uṣmaṃ sumadhuraṃ,P4,R3
uśmā?mumadhuraṃ,N5
suvṛkṣaṃ madhuraṃ,V6
ghṛtam ca madhuraṃ,V8
vṛṣyaṃ sumadhuraṃ,J2,
tiṣṭaṃ tu madhuraṃ,N24
0,C5,J4,P3
jīvanam,Ba,Ba5,Bo2,Bo3,C1,C6,J1,J2,J3,J6,J12,J13,J14,N17,V1,N4a,N7,N8,N9,N10,N11,N12,N13,N16,V16,V17,V10,N18,N21,V21,Tue,N23,V6,V7,V20,V28,V18
jīvaṃnam,N14
jīvitam,A1,B1,B2,B3,Bo1,C2,C3,C4,C8,J4,J5,J7,J8,J10,J11,LD1,LD2,N1,N2,N5,V8,N20,N22,V14,V3,N24,N25,V15,V5,V22,V2,V12,V13,V9
jivitam,J15,
jīvita,N26
jīvitum,N19
jītavim,N3
jīvo na,Ko
0,C5,C9,
nibandhayet,Ba,Bo2,C6,V1,J2,J4,J6,J8,J11,J14,N12,N16,N19,N22,V14,V3,V13
nirundhayet,A1,B1,B2,B3,C1,C3,C9,J5,J10,J13,J15,J17,LD1,LD2,N17,V19,W4,N2,N7,N9,N10,N14,V16,V17,N20,V21,N23,N26,V20,V5,V2,V18,V12,V9
nirodhayet,Ba5,Bo1,Bo3,C2,C4,C8,J1,J3,J6pc,J7,V19,N1,N4a,N5,N8,V8,N11,N13,V10,N18,N21,Tue,N24,N25,V6,V7,V15,V28,V22
nirodhanaṃ,J12,
nibandhanāt,V19,N3
nibadhnayāt,Ko,
0,C5,
kāyasiddhiḥ,A1,B1,B2,C2,C6,J8,J14,V1,N1,N8,N11,V17,N24,V20,V15,V9
kāyāsiddhiḥ,J2,N3,
kāyāsuddhi,V6
kayasiddhiḥ,N20
kāyasiddhiḥ,J5,
kāyaśuddhiḥ,N23
kāryasiddhiḥ,B3,Ba,Ba5,Bo1,Bo2,Bo3,C1,C3,C4,C8,C9,J3,J4,J6,J10,J11,J13,J17,Ko,LD1,N17,V1,W4,N2,N4a,N5,N9,N12,N13,V16,V10,N19,N21,Tue,N25,N26,V70,V5,V28,V22,V2,V18,V12,V13
kāryasiddhiṃ,J15,
kāryāsiddhiḥ,J1
kāryasiddhi,J12,LD2,N7,V8,N10,N14,N16,N18,N22,V21,V3
kāryasuddhiḥ,V14
kāyāśuddhiḥ,J7,
0,C5,
suṣumnāsu snighdhā,J4,V1,V15
suṣumnānāḍisthā,Ba5,N13,Tue,
suṣumṇānāḍīsthā,N4a,N21,
suṣumṇānāmadhysthā,V2
suṣumṇānāḍīstho,N24
suṣumnānāḍīstho,J14,
suṣumṇānāḍīschā,Bo3,V28,V22
suṣumṇāṃtasthhā,J15,
suṣumnāṃtaraschā,J11
sukhumnāṃtarasthā,V19
sukhumnāṃtarālasthā,B1,
suṣumnāṃtarālasthā,B3,Bo1,Bo2,C1,C2,J3,J6,J13,N1,N8,N11
suṣumnāṃtarālasyā,J1
suṣumnāṃtarājasthā,N16
suṣumṇāṃtarasthā,N5,C4
suṣumṇāṃtarāla,V5
suṣumnā pāśvaṃsthā,A1,V20
yathā suṣumṇā pārśvaḥsthā,Ba
yathā suṣumṇā pārśvasthā,C6,C8,J7,N23
suṣumṇāpañcasthā,N19
yathā suṣumnā mukhasthā,V17
yathā suṣumnā nāḍisthamala,V10
yathā suṣumnņayā śvaḥsthā,V8,V21
suṣumņā sustabdhāḥ,N12
yathā suṣumnā susvasthā,J5,N22,V14,V3,N25,N3
suṣumņā suṣasthā,N20
suṣumnņayā ścasyā,V6,V13
suṣumnāvasthāyaṃ,B1,B2
suṣumnānāḍibhyāṃ,V7
suṣumnāsvasthāyan,N2
suṣama susvasthā,J8
suṣumnāsui svasthā,J8ac
suṣumnāsaṃsvasthā,J2,
sukham avasthāya,C3,C9,J10,J12,J17,LD2,N17,W4,N7,N9,V16,V18,V12,V9
sukham avasthāyā,N14
sukham avasthāpyā,LD1
sukham avaschāṃya,N10
suṣam avasthāya,J8pc,N18,
suṣumṇām avasthāpya,J7pc
suṣumnāṃtvarayāpalaḥ,N25
0,C5,Ko,
Yes,J17
No,A1,B1,B2,B3,Ba,Ba5,Bo1,Bo2,C1,C2,C3,C4,C5,C6,C8,C9,J1,J2,J3,J5,J10,J11,J12,J14,J15,LD2,N17,V1,J4,J6,K7,J8,J13,Ko,LD1,W4,V19,N1,N2,N3,N4a,N5,N7,N8,N9,V28,V8,N10,N11,N12,N13,N14,N16,V16,V17,V10,N18,N19,N20,N21,N22,V14,V21,V3,Tue,N23,N24,N25,N26,V6,V7,V20,V15,V5,V22,V2,V18,V12,V13,V9
Yes,B1,B3,C9,V19,N1,N5,N10,N12,N21,N25,V28
No,A1,B2,Ba,Ba5,Bo1,Bo2,C1,C2,C3,C4,C5,C6,C8,J1,J2,J3,J10,J13,J17,J4,J5,J6,J7,J11,J12,J14,J15,Ko,LD1,LD2,N17,V1,J8,W4,N2,N3,N4a,N7,N8,N9,V8,N11,N13,N14,N16,V16,V17,V10,N18,N19,N20,N22,V14,V21,V3,Tue,N23,N24,N26,V6,V7,V20,V15,V5,V22,V2,V18,V12,V13,V9
uttānaṃ cottame prāṇarodhe padmāsane muhuḥ,Ba,C1,C6,V14
uttānaṃ cottame prāṇe stebdhe? padmāsane muhuḥ,C8,
uttame sthānam āpnoti tato vāyuṃ nibaṃdhayet,N13,V10,Tue,V7
utiṣṭhe tūtame prāṇā yāvat padmāsane sūmaṃ,J2,
uttiṣṭhaty uttame prāṇaṃ rodheḥ padmāsanaṃ .uhuḥ,V1
uttiṣṭhaty uttame prāṇē baddhe padmāsanae dṛḍhe,C2
uttiṣṭhaty uttame prāṇaḥ baddhe padmāsanae dṛḍhe,J13,
uttiṣṭhaty uttame prāṇaṃ baddhā padmāsane dṛḍhe,B1
uttiṣṭhaty uttame prāṇo baddhe padmāsane dṛḍhe,B2,B3,
uttiṣṭhaṃty uttame prāṇā baddhe padmāsane muhuḥ,LD2,J10
uttiṣṭhaṃty ūttame prāṇā baddhe padmāsane muhuḥ,J15,
uttiṣṭhaṃty uttame prāṇā baddha padmāsane muhuḥ,C3,N10
uttisthaṃ cottame prāṇā baddha padmāsane muhu,N14
uttiṣṭhaty uttame prāṇa baddhe padmāsanaṃ muhuḥ,J8ac,J14,V3
uttiṣṭhaty uttame prāṇa baddho padmāsane muhuḥ,V8
uttiṣṭhatm uttame prāṇa baddhe padmāsane muhuḥ,V16,V17,V21,V20,V18,V13
uttiṣṭhaty uttame prāṇo baddhe padmāsane muhuḥ,C9,
uttiṣṭhaty uttame prāṇo baddha padmāsane muhuḥ,A1
uttiṣṭhaty uttame prāṇo badhye padmāsane muhuḥ,N9
uttiṣṭhaty uttame prāṇo baddhapadmāsane muhuḥ,N7
uttiṣṭhaty uttame prāṇē baddhe padmāsanaṃ muhuḥ,J8pc
uttiṣṭhaty uttame prāṇē baddha padmāsane haye,Bo1
uttiṣṭhaṃty uttare prāṇā baddhe padmāsane muhuḥ,J17
uttiṣṭhaṃty uttame prāṇā baddhe padmāsane muhuḥ,W4
uttiṣṭhaty uttame prāṇā baddhe padmāsane muhuḥ,N20
uttiṣṭhaty uttame prāṇo baddhe padmāsane mukuḥ,N26
uttiṣṭhaty uttame prāṇa rodhe padmāsana sthitaḥ,Bo2,J1,J3,N8,N11,N16,V2
uttiṣṭhaty uttame prāṇa rodhe padmāsana sthite,C4,N25
uttiṣṭhaty uttame prāṇāṃ rodhe padmāsane sthite,V19
uttiṣṭhaty uttame prāṇa rodhe padmāsane sthite,V5,V28
uttiṣṭhaty uttame prāṇa rodhe padmāsane sthitaḥ,J6,N2
uttiṣṭaty uttame prāṇa rodhe padmāsanasthite,N5
uttiṣṭhaty uttame prāṇa rodhe padmāsanaṃ muhuḥ,N3,V15
uttiṣṭhaty uttāme prāṇarodhe padmāsanaṃ muhuḥ,J5,J11,
uttiṣṭhaty uttāme prāṇarodhe padmāsano muhuḥ,J7
tattiṣṭhaty uttāmaprāṇarodhya padmāsanaṃ muhuḥ,J4
uttiṣyaty uttame prāṇa rodho padmāsanaṃ muhuḥ,N24
uttiṣṭhaty uttame kārye rodhe padmāsanae muhu,Ko,
uttiṣṭhaṃty uttame prāṇa rodho padmāsane sthitaḥ,N18
uṭṭiṣṭhaṃ cottare prāṇā baddhe padmāsane muhuḥ,N17
uttiṣṭaty attame prāṇe baddhe padmāsane dṛḍhe,N1
uttiṣṭhaty uttame prāṇe yāvat padmāsane samaḥ,N12
uttiṣṭhaty uttare prāṇā baddhe padmāsane dṛḍhe,J12,
uttiṣṭhaty unname prāṇe baddhe padmāsane dṛḍhe,N19
uttiṣṭhaty uttame prāṇa baddha padmāsanaṃ dṛḍhaṃ,N21
uttiṣṭety uname prāṇaḥ rodhe pavāsane sthite,N22
uttiṣṭhaty uttame prāṇa rāvai padmāsano muhuḥ,N23
uttiṣṭhaty uttame prāṇa rodhe padmāsano muhuḥ,V6
uṭṭiṣṭhnty uttame prāṇā baddhe padmāsane muhuḥ,LD1,
0,Ba5,Bo3,C5,N4a,V22,V12,V9
kṛśatā,A1,B3,Ba,Ba5,Bo1,Bo2,Bo3,C1,C2,C6,C8,J1,J4,J5,J6,J7,J11,J13,J14,V19,N1,N2,N4a,N5,N8,N11,N12,N13,N16,N18,N19,N22,C4,V17,V10,V21,Tue,N23,N26,V7,V20,V5,V28,V22,V2,V18
kṛsatā,Ko,J3,
kṛśate,J10pc
kriyate,C3,J10,J12,J17,LD1,N7,N9,N10,V12,C9,J2,J17,N17,LD2,V19
kṛyate,N14
kṛśatāṃ,J8,V8,N21,V3,N25,V6
kṛṣitāṃ,N24
kṛtā,N3,N20,V14
krūratā,J2
0,B1,B2,C5,V16,V15,V13,V9
medaḥśoṣādikaṃ pūrvaṃ,V1
medaḥśleṣmādikaṃ surve,V6
medaśokādikaṃ pūrvaṃ,N22
medaḥśleṣmādi nāśārthe,A1,C3,
medaḥśleṣmādi nāśārtha,LD2,
medaḥśleṣmādi ṣatkarmāṅi,V28
medaḥśleṣmādi nāśārthaṃ,B1,B3,Bo1,C2,J10,J12,J13,LD1,N7,V21,V20,V12
medaḥśleṣmādināśīrṣaṃ,N9
medaḥ tuṣmād adhikei purva śaṭ karmaṃ,V8
medaśleṣmādi nāśārthaṃ,C9,N1,N10,N14,N21,V18
medaśleṣādi nāśārthe,V17
medaśleṣmādi nāsārthe,N20,N26
medaśleṣma nivṛtyarthaṃ,Bo2,C1,J1,J3,J6,N2,N8,N11,N16,N18,V15,V5,V2
medaḥśleṣma nivṛtyarthaṃ,N5,C4
??śleṣma nivṛtyarthaṃ,N25
medaḥśleṣmādhikaḥ pūrvaṃ,Ba,C8,J5,V10,V14,V13
medaḥśleṣmādhikaḥ pūrva,J7,
medaḥśleṣmādhikaḥ arthaṃ,V16
medai śleṣmāṃdhika purṇa,J2
medaśleṣmāṃdhikaḥ pūrvaṃ,Ba5,Bo3,V3
medaḥ ślṣāṃdhikaḥ pūrvaṃ,C6,J14,
medaśleṣmādhikaḥ pūrvaṃ,J11,N3,N4a,N12,N13,Tue,V22
medāśleṣmāṣikaḥ pūrvva,N23,V7
medaḥśleṣmaṇisapurṇa,N24
mitaḥ sthūlādikaiḥ kāryyaṃ,B2
medodhikastu havabhiḥ,Ko,
0,C5,J4,N19,V9
apy abhāvataḥ,V1
api bhāvataḥ,C3
samabhāvataḥ,A1,B1,Ba5,Bo1,Bo3,C9,J1,J3,J6,J10,J11,J12,J13,J14,LD1,LD2,N3,N4a,N7,N8,N10,N11,N12,N13,V10,N20,N21,V14,V3,Tue,N26,V7,V20,V15,V28,V22,V18,V12,V13
samupāgataḥ,J7,
samabhyāvataḥ,N24
api samācaret,V16,V17,V21
samabhāvata,N9
samabhāvanā,N22
samabhāvanāt,N22
smabhāvata,N14
sabhāgataḥ,Ba
samabhāgataḥ,B2,C6,C8,V8,N18,N23,
samabhāgatā,Ko,
samabhāgata,V6
samabhāgikaḥ,B3,C2,N1
samabhārat,J2
samatā yataḥ,Bo2,C1,C4,N2,N16,N25,V2
samatā yathā,N5,
samatāpataḥ,V5
0,C5,J4,N19
vicitraguṇasandhāyī,A1,B1,B3,Ba,Ba5,Bo1,Bo2,Bo3,C1,C2,C3,C8,C9,J1,J2,J3,J4,J5,J6,J7,J11,J13,J14,LD1,LD2,V1,W4,J10,N17,J17,J8ac,Ko,N1,N3,N4a,N7,N9,V8,N10,N16,V16,V17,V10,N18,N19,N21,N22,V14,V3,Tue,N23,V7,V15,V5,V28,V22,V2,V18,V12,V13
vicitraguṇasandhāya,C6,N12
vicitraguṇasandhāyā,N20,V20
vicitragunasandhāyai,N14,V21,V6
vicitraguṇasandhāryā,N13
vicitraguṇasandhāryaṃ,J12,
vicitraguṇasandhānaṃ,N26
vicitraguṇasadyāpi,N2
vicitraguptasaṃ?jñopi,N5
vicitraguṇasaṃjñopi,C4,N25
vicitraguṇasaṃdhāyoga,N8,N11
trividhaṃ guṇasandhāyi,B2
0,C5,N24
tataḥ pratyaharec caitad,J12,N23
punaḥ pratyahare caitad,J13,J14,
0,
prakṣālyaṃ dhautikarma tat,Ba,C6,V21
prakṣālanaṃ dhautikarma tat,V13
prakṣālye? dhautikarma tat,C8
ādāyaṃ dhautikarma tat,V14
udgāraṃ dhautikarma tat,V1,
sodgāraṃ dhautikarmavit,N12
uditaṃ dhautikarma tat,A1,Ba5,Bo1,Bo3,C9,J10pc,J12,LD1,LD2,N4a,N7,N9,N10,N13,N14,V16,V17,V10,N20,N21,Tue,N26,V7,V20,V15,V18,V12
uditaṃ dhautikarma kṛt,J10,V22
upitaṃ dhautikarma tat,C3
abhyāsād dhautikarmavit,B1,B2,C4,J1,J3,J6,J13,V5,V28,V2
abhyāsād dhautikarmasu,N25
abhyāsā dhautikarmavit,N18
abhyāso dhautikarmavit,N19
abhyāse dhautakarmavit,J14,
abhyāsād dhotikarmavit,C1
abhyāsād dhautikarmavat,N5
abhyāsaud dhautikarmavit,Bo2,C2,
abhyāsāsau dhautikarmavit,V6
abhyāsau dhautikarmatat,V8
abhyāsād dhautikarmavita,N2
abhyāsād dhautikarma tat,N1,
dukhalātā dhautikarmataḥ,V3
duḥkhalṃ dhautikarma tat,Ko,
duṣālaṃ dhautikarma tat,J4,J11,
uṣālaṃ dhautikarma tat,J5,
abhyāsa dhautakarka tat,N22
abhyāsād dhauti bhavati karma tat,N8,N11
uṃtthānaṃ dhautikarma tat,N23
dākṣālaṃ dhautikarma tat,N24
utthānaṃ dhautikarma tat,J7,
dugdhāraṃ dhautikarma tat,J2
syā sā dhautikarmakṛt?,B3
?s?vāla dhautikarmakṛt,N3
0,C5,N16
dhāvaty eva,V1,V8,V3,V2
dhāvate ca na,B2
dhāvaṃta ca na,N19
dhāvaṃte ca na,J5,
dhavaṃte ca na,N22
dhruvntye neva,Ko,
gachaty eva na,N21
gachaṃty eva na,Bo1
prayāntyeva na,Ba,N4a,Bo2,Bo3,C1,C4,C6,C8,J1,J3,J6,J7,N5,N8,N11,N13,N16,V10,Tue,N25,V28,V22
prayānteva na,N23,V7
śudhyatty eva,A1,
śudhyaty eva,LD2,
śudhyate nātra,J12,
śudhyate ca na,N10
śudhyanty eva,B1,C3,C9,J10,J13,N1
śudhyant eva,B3,
śudhyaṃteva na,N9,N14,V16,V17
śudhyaṃte ca na,LD1,
suddhyaṃtevaṃ na,N18
śudhyaṃte ca na,N7
śudhyaṃ sevana,C2,
kṣīyaṃte saklā malā,J14,
?īyatsyeva na,N2
bhavaṃty eva na,N3,V14
naśyaṃteva,N12
naśyaṃte,J11
nāśaṃ yāṃti,J4,
naśyaṃty eva na,J2,
jayaty eva na,N24
śuṣyaṃte sakalāmalāḥ,N20,N26
0,Ba5,C5,V21,V6,V20,V15,V5,V18,V12,V13
udaragatapadārtham udvahatī,J12,
udaragatapadārtham udvahantī,Ba,C3,J1,J7,Ko,V1,V16,N18,N22,N23,V6,V28,V2
uragatapadārtham udvahantī,B2,
udaragatapadārthān udvahaṃti,C6
udaragatapadārtham uşmahantī,V17
udaragatapadārtham udvamaṃti,B1,B3,Ba5,Bo2,C2,C8,C9,J3,J6,J11,J14,LD1,LD2,N20,N21,V3,N26,V20,V22,V18,V12,V13
udaragatapadārtham udvavaṃtī,J10,
udaragatapadārtham udvamaṃta,J4,
udaragatapadārtham udvamaṃte,V15
udaragatapadārthām udyamaṃte,N19
udaragatapadārthaṃ śuddhapetaṃ,N25
udaragatapadyarthān udvamaṃtī,A1
udaragatapadārtham uḍhasaṃtī,N24
udaragatapadārthaśodhanaṃ syāt,Bo1
udaragatapadārtha śuddhayeta,C4
udaragatapadārtha suddhayeta,J13,
udagatapadārtha uddhanaṃtī,J5,
0,Bo3,C1,J2,V19,V10,V14,Tue,C5,V21,V7,V5,V22
pavanam apānam udīrya kaṇṭhanāle,V1,A1,B2,Ba,Ba5,C6,C8,C9,J3,J4,J6,J7,J10,J11,J14,J17,Ko,LD1,LD2,N17,W4,J8,V16,N18,N20,N22,V3,N23,V20,V15,V28,V18,V12,V13
pavanām apānam udīrya kaṇṭhanālṃ,J1
pavana apānam udīrya kaṇṭhanāle,V6
pavanam upānam udīrya kaṇṭhanāle,C3
pavanam upānam urīrya kaṇṭhanāle,C4
pavanam apānam udīrya kaṇṭhanālo,N19
pavanam apānam udīrya kaṇṭhanālāt,B3,C2,J13,N26,V2
pavanam apām udirya kaṃnāle,N25
pavanam apāsenam udāryaṃ kaṇṭhanāle,J5,
pavanam mudārya kaṇṭhanālo,J12
pavanam udirya kaṇṭhanāle,N21
mapānam udīrya kaṇṭhanāle,B1,
pavanamapānam udīrya kaṇṭhanāle,Bo1,Bo2,
pavanam athānam utiya kaṇṭhanāle,N24
pavanam apānam udīrya karāḍanāle,V17
0,Bo3,C5,J2,V19,V10,V14,V21,Tue,V7,V5,V22
karibhir iva jalasya vāyuvegāt,A1,B1,B3,C9,J1,J3,J6,J8,J10,J17,N17,W4,V16,V17,N18,N20,N26,V2,V18,V12
karibhir iva gajasya vāyuvegāt,V20
karibhir iva jalasya vāyuvegā,B2,C3,J12,
karibhir iva jalaṃ ca vāyuvegā,Ba
karibhiriva jalaṃsya vāyuvegāt,Bo2,
karibhiriva jalasya vāyuvegāt,C2,LD1,
karibhiriva jalasya vāyuvego,J13,
karibhiriva jalasya vāyuyogāt,V28
kramamarivayavasya vāyur yo,V1
kramaparicayavaśya nāḍicakrā,Ba5
kramaparicayavaśyā nāḍīmārgā,C6,J7,
kramaparicayavaśya vāyumārga,C8
kramaparicayavasya vāyumārgre,J14,
kramaparicayavaśya vāyumārgāt,Bo1
kramaparicayavaśya vāyumārgaṃ,N21
kramac pacya paricaya vaśyā vāyumārgaṃ,J5
kramaparicayavaśyaṃ vāthagargāṃ,N24
kramaparicayavaśya mārgte,N23
kramaparicayavasya vāyumārge,N22
kramaparicitavasya vāyuyogo,Ko,
kramapārīcitavaśya vāyumārg?,N19
kramapārīcitavaśya vāyumārgo,J11
kramapārīcitavaśya vāyumārge,J4,
kramapārecitavaktu? vāyumārge,C4
karamaparicayavaśya nāḍīmārgā,LD2
kramaparicittakakrū vāyumārge,N25
0,Bo3,C1,J2,V19,V10,V14,Tue,C5,V21,V6,V7,V15,V5,V22,V13
gajakaraṇānti nigadyate haṭhajṇau,Ko,
gajakaraṇīti nigadyate haṭhajñaiḥ,B2,Ba,Ba5,Bo1,C3,C4,C6,J4,J6,J7,J11,V1,N19,N23,N25,V20,V15,V13
gajakaraṇīti nigadate haṭhajñaiḥ,J14,
gajakaraṇīti nigadyāta haṭhaj~naiḥ,J5,
gajakaraṇīti nigadyaṃte haṭhajñaiḥ,LD2,
gajakaraṇīti nigadyate,N24,V2
gajakarṇīti nigadyate haṭhaj~naiḥ,A1,C8
gajakaraṇīva nigadyate haṭhaj~naiḥ,B1
gajakariṇīva nigadyate haṭhajñaiḥ,C2
gajakaraṇīti nigachate haṭhaj~naiḥ,B3
gajakāraṇī nigadyate haṭhaj~naiḥ,Bo2,V3,V6
gajakaraṇīti nigadyate haṭhakṣaiḥ,N22
gajakaraṇī ca nigadyate dṛḍhajñaiḥ,J13,
jalagajakaraṇī nigadyate haṭhaj~naiḥ,J1,J3,
jalakaraṇīti nigadyate haṭhajñaiḥ,C9,J12,LD1,N17,W4,N20,N26,
jalakaraṇīti nigadyate mahāhaṭhaj~naiḥ,V21
jalakariṇīti nigadyate haṭhajñaiḥ,J10,J17,V16,V28,V18,V12
jalakaraṇānī nigadyate haṭhaj~naiḥ,V17
jalagajakaraṇīti nigadyate haṭhaj~naiḥ,J8,N18
gajakaraṇīti nirādyate haṭhaj~naiḥ,N21
0,Bo3,C1,J2,C5,V19,V10,V14,Tue,V7,V5,V22
aseṣadoṣān api yan nihanyād,Ko,
aśeṣadoṣopacayaṃ nihanyad,J8,J17,N17,V1,W4,V16,V17,V10,V6,V7,V15,
aśeṣadoṣoyathā nihanyānād,V14
aśeṣadoṣopacayaṃ nihanyād,B1,B2,B3,Ba,Ba5,Bo1,Bo2,Bo3,C1,C3,C4,C6,C8,C9,J2,J3,J5,J6,J7,J10,J11,J13,J14,LD1,LD2,N18,N19,N20,Tue,N25,N26,V20,V5,V28,V22,V2,V18,V12
aśeṣadoṣopacayā nihanyād,V13
aśeṣadoṣopacayaṃ nihanyā,N23
aśeṣadoṣopacaya nihanyād,N24
aśeṣa?oṣovacayaṃ nihanyād,N21
aśeṣadoṣepacayaṃti hanyād,J12,
aśeṣadoṣepacayaṃ nihanyad,C2,
aśeṣadoṣāpacayaṃ nihanyad,V21,V3
aśeṣadoṣopacitiṃ hathajñād,J4,
aśeṣadoṣopacayaṃ ca hanyad,A1
aśeṣadoṣaprabhavaṃ nihanyad,V19
aśeṣadoṣasya cayana hatyā,N22
0,C5,
abhyasyamānaṃ jalavastikarma,Ba5,Bo1,Bo2,Bo3,C1,C3,C6,C8,J1,J2,J4,J5,J6,J7,J8,J11,J12,J13,J14,LD1,N17,W4,V16,V17,V10,N18,N19,N21,V21,V3,Tue,N26,V6,V7,V20,V15,V5,V28,V22,V2,V18,V13
anyasyamānaṃ jalavastikarma,J3,
abhyasyamānaṃ nijavastikarma,V12
abhyasyamānaṃ jalavastikarmaḥ,Ko,
abhyasyamānaṃ khalu vastikarma,C9,
abhyasyamāna ja?vastikarma,N20
abhyasyamānaṃ jalavastitakramāt,N24
praamāńam jalavastikarma,V14
abhyasyamāno jalavastikarma,B3,C2,
abhyasyamā jalavastikarma,B1,
abhyāsamānaṃ jalavastikarma,C4,V1,N25
abhyāsyamānaṃ jalavastikarma,A1,Ba
abhyāsamānaṃ jalavasti,V19
abhyasyamānaṃ javastikarma,J10,J17,
abhyasyamānaṃ jvalabastikarmaḥ,LD2,
bhyasyabhānaṃ jalavestikarma,N23
abhyasya śūnyaṃ jalavastikarma,B2,
dattasya mānaṃ yanabasyakarmaḥ,N22
0,C5,
atha natīḥ,J1
atha netī,Ba,Ba5,Bo1,Bo2,C1,C2,C4,J3,J6,J8,V1,V10,N18,V21,V3,N23,N25,N26,V7,V5,V2
atha neti,J2,Ko,N20,N24,V6,V28
atha netiḥ,J7,Tue,V22,V12
atha netikarma,C3,C9,J10,J17,LD1,W4,V16,V17,N21,V14,V15,V18,V13
atha netikarmaḥ,C8,J12,N22
atha netīkarma,A1,B1,B2,C6,J13,J14,N17,V20
atha netīkarmaḥ,LD2
atha nītī,J5,
atha nītikarma,J4,
atha nītīkarma,N19
prathama netīkarma,B3
0,Bo3,C5,J11,
mukhanirgamanād eva,A1,B2,C3,J10,J17,LD1,N17,V1,W4,V16,N22,V20,V18,V12,V13
mukhanirgamanād deva,C9
mukhanirgatanād evaṃ,J12,
mukhanirgatamanād eva,V14
mukhanirgamayedeti,J2
mukhan nirgamanād eva,B3,
mukhān nirgamanād eva,C2,
mukhān nirgamayec caiṣā,Ba,Ba5,Bo1,C8,J8,J11,LD2,V17,N19,N20,V21,Tue,N26,
mukhān nirgamyate caiṣā,J4,
mukhān virgamayed eṣā,N21
mukhā nirgamayec caiṣā,J7,V10,V3,V6,V7,V15,V22
mukhe nirgamayec caiṣā,C6
mu nirgamayai caiṣā,J5,
mukhān nirgamaye doṣā,N24
mukhān nirgamayet sāpi,V19
mukhān nirgāmayet sā hi,B1,Bo2,J13,J14,N18,N25
mukhān nirgamayet sā hi,J6,
mukhā nirgāmaye sā hi,V2
mukhā nirgāmayet so hi,Ko,
mukhā nirgamanā sā hi,V5
mukhān nigarmayet sā hi,C4,J3,
mukhā nigarmayet sā hi,J1,V28
mukhān nirgatya nāsāyam,C1,
mukhaśca nirgamec caiṣā,N23
0,Bo3,C5
ghaṭanaṃ,J2,
muñcakaṃ,Ko,
mucyate,J4,
mocanaṃ,B2,Ba5,C8,J7,J12,N18,N21,N22,Tue,N23,V7
mocakaṃ,Bo2,C1,J1,J3,J5,J6,J11,J14,N19,V28
moṭakaṃ,V1,Bo1,N25
toṭakaṃ,V19,V16
tāṭakaṃ,V17
trāṭakaṃ,A1,C4,C6,V10,V14,V21,V3,V6,V20,V15,V5,V28,V22,V2,V18,V12,V13
troṭakaṃ,N24
rocanaṃ?,Ba,
sphoṭanaṃ,B1,B3,C2,C3,C9,J8,J10,J13,J17,LD2,N17,W4,N20,N26,
sphoṭakaṃ,LD1,
0,Bo3,C5
tandrādīnāṃ gapāṭa V1,
tandrādīnāṃca pāṭanaṃ,V19,
tandrādīnāṃ ca kapāṭakaṃ,B1,
tandrādīnāṃ kapāṭakam,B2,B3,Ba,Ba5,Bo1,C1,C2,C4,C6,C8,J3,J5,J6,J7,J8,J11,J12,Ko,LD1,LD2,W4,V17,V10,N21,N22,V3,Tue,V7,V5,V28,V22,V2,V13
tandrādīṇāṃ kapāṭakam,J13,
tandrādīnāṃ kapālakam,J1
        item V21
tandrādīnāṃ kapāṭakai,Bo2
tandrādiṇāṃ kapāṭakam,J8,N18,N23,
tandrādiṇāṃ ca pāṭakam,J14,N19
tandrādīṇāṃ ca pāṭakam,C9
tandrādīṇāṃ ca pāṭhakam,V15
tandrādīṇāṃ ca pāṭavam,J4,
tandrāṇāṃ ca kapāṭakam,C3,J10,J17,V16,N20,V14,N26,V20,V18
tadvāṇāṃ ca kapāṭakam,A1,
tandrāṇāṃ tu kapāṭakam,N17
sandrādīnāṃ kapātakāṃ,N24
nidrārttīnāṃ kapāṭakam,N25
hetādīnāṃ? kapāṭhakam,J2,
0,Bo3,C5,V6,V12
gudaṃ,V1
gopyaṃ,V16,V17,V10,N18,V14,V21,V3,V6,V7,V20,V15,V28,V22,V2,V18,V12,V13
tundaṃ,A1,B3,Ba5,Bo2,C2,C8,C9,J3,J6,J7,J8,J13,J14,LD1,LD2,N19,N20,Tue,N26,
tunduṃ,N23
tunda,N17
tunde,C1,C4,
tuṃḍe,N25,V5
tundat,B2,J10,
truṃdaṃ,N21
tuda,W4
tudaṃ,B1,C3,C6,J1,J5,J12,
tundan,J4,
tudan,Ba,Bo1,J11,
tulyaṃ,Ko,
tujyaṃ,V19
tuddhaṃ,N22
puṃda,N24
saṃdada,J2
0,Bo3,C5,
pāvanādi,V1
pāvanāni,N18,
pāvanāgniḥ,N25
pāvanādi,Ko,
pāvakādi,C3,J10,J17
pāvakādī,J12,
pāvakāgni,N26
pācakādi,C2,C9,LD1,LD2,N17,W4,V16,V17,N20,V14,V21,V18,V13
pācatādi,Bo2,
pācanādi,A1,B1,B2,B3,Ba,Ba5,Bo1,C6,C8,J4,J5,J7,J8,J11,J14,V19,V10,N19,N21,V3,Tue,N23,V6,V7,V20,V15,V28,V22
pācanāgni,J3,J6,J13,
pācakāgni,V2
pācakāri?,J2,
pācanāṃnī,N24
kārkādeśaṃ,N22
0,Bo3,C5,V5,V12
apa śoṣaṇī ca,Ba5,
mala śoṣiṇī va,V1,
mala śoṣaṇī ca,B2,C3,J8,LD1,N17,W4,V16,V14,V3,V7,V18,V12
maya śoṣaṇī ca,V21,V15,V28,V13
maya śodhaṇī yā,N23
maya śodhaṇī cā,V6,
mala śoṣaṇī va,J10,J17,
doṣāmaya śoṣaṇī ca,C1,C2,C4,C6,C8,C9,J3,J4,J11,J13,J14,Ko,N18,N21,Tue,N25,V22,V2
doṣān mala śoṣaṇī ca,J12,
doṣāmaya śoṣaṇīya,J1
doṣāmaya śoṣaṇīyaṃ,J2
doṣāmaya śoṣiṇī ca,A1,B3,Ba,Bo1,J6,V19,N19
doṣāmala śoṣaṇī ca,N20
doṣāmaya śoṣiṇāṃ ca,Bo2
doṣāmaya śodhinī ca,J7,
doṣābhayahā soṣaṇī ca,J5,
dauṣāmaya śoṣaṇī ca,LD2,
doṣāmaya goṣaṇī ca,N24
mala śoṣiṇī ca,V17,N26,
doṣāṇapi śoṣaṇā ca,B1,
doṣāmaya śoṣaṇī ca,V10
doṣapra śoṣiṇī,V5
doṣānala śoṣaṇī bahava,N22
0,Bo3,C5,V20,
mūlam iyaṃ hi,J14,V1
mūlam idaṃ hi,Ko,J4,J11,N19
mūlam ayaṃ ca mauliḥ,N22
maulir iyaṃ hi,A1,C1,C4,J3,J5,V19,V21,N25,V15,V2
maulir iyaṃ,J1
maulir iyaṃ ca,Ba,Ba5,Bo1,Bo2,C6,C8,J6,J7,N21,Tue,N23,V6,V7,V20,V28,V22
saulir iya ca,N24
maulir ayaṃ hi,J2
sau jayatīha,J10,J17,N17,W4,N18,N20,N26
jayatīha,B1,B3,C2,C3,C9,J8,J12,J13,LD1,LD2,V3
sauryakarīha?,B2
0,Bo3,C5,V16,V17,V10,V14,V5,V18,V12,V13
prāṇāyāmena vai,Ko,J4,J11,J14,V1,N19,V15
prāṇāyāmair eva,B1,B2,B3,Ba,Ba5,Bo1,Bo2,C1,C2,C4,C6,C8,J1,J3,J5,J6,J7,J12,J13,LD2,N1,N3,N4a,N5,N8,N11,N12,N13,N16,N18,N22,V3,Tue,N23,N24,N25,V6,V7,V5,V28,V22,V2,V12,V13
prāṇāyāmaiḥ sukhāt,A1,C3,C9,J10,LD1,N2,N9,N10,
prāṇāyāmaiḥ sukhāḥ,N26
prāṇāyāmair mu?khāṃ,N20
prāṇāyāmena sarvepi,N21
praṇāyāme kṛte samyak,J2
prāṇāyāme śukhā,N14,V18
prāṇāyāme tataḥ,V16,V17,V10,V14,V21,V20
praṇāyāmāt sukhāt,N7
0,Bo3,C5,
malā api,J4,J11,V19,N21,V15,V28
malād api,Ko,
malā iti,Ba,Ba5,Bo1,Bo2,C1,C6,C8,J1,J2,J3,J5,J6,J7,LD2,N3,N4a,N5,N8,N11,N13,N16,V10,N18,N19,Tue,N23,N24,N25,V6,V7,V22
malā ime,J14,
malāśayaḥ,J10,
malāśayāḥ,A1,B1,B3,C2,C9,J13,LD1,N1,N2,N10,V17,V14,V20,V18,V13
malākulaṃ,B2,N22
malākulāḥ,N20,N26
malāśayā,C3,C4,N9,V16
marāśayā,N14
malāsayā,J12,V21,V3,V2
malāśrayāḥ,N7
malāyinaḥ,N12
0,Bo3,C5,V5,V12
cirāśrayam,LD2,
nirāśrayam,A1,Ba,C1,C3,C6,C8,C9,J2,J4,J5,J7,J8,J10,J11,J17,LD1,V1,W4,N3,N9,N10,V17,N20,N22,V21,V3,N23,N26,V6,V15,V28,V12,V13
nirāśrayaḥ,J12,
nirodhā vādham,V8
nirāśayam,Bo1,
nirāmayam,B2,Bo2,C4,J1,J3,J6,J14,Ko,N17,V19,N2,N5,N7,N8,N11,N12,N14,N16,V16,N18,N19,N21,N24,N25,V20,V5,V2,V18
nirākulam,B1,B3,Ba5,C2,J13,N1,N4a,N13,V10,Tue,V7,V22
0,Bo3,C5,V14
akṣir?,C8,
īkṣed,Ba,J5,
īkṣet,C6,V13
īkṣe,C1,J7,
paśyed,A1,Bo1,C9,J4,J8,J10,J11,J14,J17,Ko,LD1,N17,V1,W4,N9,V8,N10,V16,V17,N20,N22,V21,V3,N26,V15,V12
paśyad,J12,
paśyet,V20
paśyeta,LD2,
paśye,N19,N24
paśe,C3
paśyan,N7
pasya?,N14
dṛṣṭir,B3,Ba5,C2,C4,J6,V19,N1,N2,N4a,N11,N16,V10,N21,N25,V7,V5
dṛṣṭi,B1,B2,Bo2,J1,J2,J3,J13,N5,N8,N12,N13,N18,Tue,V28,V22,V2
vīkṣed,N3
iched,N23
0,Bo3,C5,V14,V6,V18
vidhānajñā,C9,J5,J10,J11,Ko,V1,N2,N4a,N7,N10,N11,N12,N13,N14,N16,V16,V17,V10,N19,N20,N21,V14,V3,Tue,N23,N26,V6,V7,V15,V22,V18,V13
vidhānaḥjñā,J2
vidhānajñe,V2
vidhanajñā,N18
vidhaustajñā,V20
vidhānujñaś,J1
vidhānajñāś,Bo2,C1,C3,C8,J4,J6,J7,J12,
vidhānajñaś,B1,B3,Ba,Ba5,Bo1,Bo2,C1,C2,C3,C8,J3,N3,N24,
vidhānajña,N22,V12
vidhānejñaś,N8
vidhijñās tu,C6,
vidhānajño,C4,LD1,LD2,N5,N25,V28
vidhānajñoś,J13,
vividhānajño,B2,
vidhāna?ī,N9,V8
vidhānajñaiś,N1
vidhiṃstajñaś,A1
0,Bo3,C5,J14,V21,V5
bhastrakā bhrāmarī vedhā kevalaṃ cāṣṭakumbhakāḥ,J2
bhastrikā bhrāmarī mūrcchā kevalī cāṣṭakumbhakāḥ,V1,V16,V17,
bhastrikā bhrāmarī mūrcchā kevala cāṣṭakumbhakāḥ,V20,V18,V12,V13
bhastrikā bhrāmarī mūrcchā vinītyaṣṭakumbhakāḥ,V10
bhastrikā bhrāmarī mūrcchā vinītyaṣṭakumbhakān,V28
bhastrikā bhrāmarī mūr??ā kevalaś cāṣṭakumbhakā,N1,
bhastrīkā bhrāmarī mūrchā kevalaś cāṣṭakumbhakāḥ,C9,J13,LD1,LD2,N21
bhaṃstrikā bhramarī mūrchā kāṃbalā atha? kumbhakāḥ,J5
bhaṃstrīkā bhramarī mūrchā kevala cāṣṭakumbhakāḥ,N22,V21,V3
bhastṛkā bhrāmarī mūrcchā kevalaś cāṣṭakumbhakāḥ,N26
bhastrikā bhrāmarī mūrchā kaivalaś cā sa kumbhakaḥ,B3,
bhastrikā bhramarī mūrcchā cāṣṭakumbhakāḥ sahita?,N2
bhastrikā bhramarī mūrchā kevalaś cāṣṭakumbhakāḥ,A1,B1,C3,J7pc,J10,J12,N3,N7,N10,
bhastrikā bhrāmarī mūrchā kevalaś cāṣṭakumbhakāḥ,N20
bhastrikā marī mūrchā kevalaṃ cāṣṭakumbhakāḥ,B2,
bhastrikā bhrāmalī mūrchā kevalaś cāṣṭakumbhakā,N14
gachati tiṣṭto kāryā mujjayākhyāṃ cākumbhakāḥ,V8
bhastrikā bhramarī mūrchā kevalaś cāṣṭakumbhakā,N9
bhastrikā bhrāmarī mūrchā plāvanī saṣṭhakumbhakāḥ,N4a
bhastrikā bhramarī mūrcchā plāvanī tvaṣṭakumbhakāḥ,N12,V6,V7
bhastrikā bhramarī mūrcchā pāvanīty eṣakumbhakāḥ,Ko,
bhastrikā bhramarī mūrcchā pāvanīty aṣṭakumbhakān,J4,
bhastrikā bhrāmarī mūrchā plāvinītyaṣṭakumbhakāḥ,Ba5,Bo1,C1,N13,V14,Tue,V15,V22
bhastrikā bhrāmarī mūrchā prāvatītyaṣṭakumbhakaḥ,N23
bhastrikā bhramarī mūrchā plāvanītyaṣṭakumbhakāḥ,Ba,C8,J7,
bhastrikā bhrāmarī mūrcchā pālāvanīty aṣṭakumbhakāḥ,J11,
bhastrikā bhramarī mūrchā pratvanītyaṣṭakumbhakāḥ,C6
bhastrikā bhramarī mūrchā sahitāś cāṣṭakumbhakāḥ,C4,N5
bhastikā bhrāmarī mūrchā sahitāś cāṣṭakumbhakam,N25,V5
bhastrikabhrama ma mūrchā saṃhataṃ cāṣṭakumbhakā,N8
bhastrikā bhramarī mūrchā saṃhataṃ cāṣṭakumbhakāḥ,N11,N16,
bhastrikā bhramarī mūrchā saṃhitaṃ cāṣṭakumbhakāḥ,Bo2,J3,J6,V2
bhastrikā bhramarī mūrchā saṃprataṃ cāṣṭakumbhakān,N18
bhadrikā? bhramarī mūrchā saṃprataṃ rāṣṭakumbhakāṃ,J1
bhastrikā śītalī bhramarī mūrchā plāvanītyaṣtakumbhakāḥ,N19
sastrikā bhramarī mūrchā kavalaś cāṣṭakumbhakā,N24
0,Bo3,C5,J14,
om.,V19,
adhas tāt kuñcanenāśu kaṇṭhasaṃkocane kṛte | madhye paścimatānena syāt prāṇo brahmanāḍīkaḥ ||,Ba5
adhas tāt kuñcane vāyuḥ kaṃṭhasaṃkocane kṛte | madhye paścimatāṇena syāt prāṇo brahmanāmīgaḥ ||,Ko,
adhas tāt kuñcanenāśu kaṇṭhasaṃkocane kṛte | madhye paścimatānena syāt prāṇo brahmanāḍīkagḥ ||,V22
adhas tāt kuñcanenāsuṃ kaṇṭhasaṃkocane kṛte | madhye paścimatānena syāt prāṇo brahmanāḍīkāṃ ||,C6
adhas tā kuñcakīnālau kaṇṭhasaṃkocane kṣate | madhyaṃ paścimatāṇena syāt prāṇo brahmanāḍīkaḥ ||,J2
adhas tāt kuñcanenāśu kaṇṭhasaṃkocane kṛte | madhye paścimatānena syāt prāṇo brahmanāḍigaḥ ||,A1,Bo1,C8,J10,J11,V1,N3,N13,Tue,V7,V20,V15,V28,V12,
adhastvākuñcanenāśu kaṇṭhasaṃkocane kṛte | madhye paścimatānena syāt prāṇo brahmanāḍigaḥ ||,C9
adhas tāt kuñcanenāśu kaṇṭhasaṃkocane kṣate | madhye paścimatānena syāt prāṇo brahmanāḍigaḥ ||,C1,
adhastāt kuñcanenāśu kaṇṭhasaṃkocane kṛte | madhyapaścimatānena syāt prāṇo brahmanāḍigaḥ ||,C3,LD1,N12,N26
adhastā kuñcanenāśu kaṇṭhasaṃkocane kṛte | madhyapaścimatānena syāt prāṇo brahmanāḍigaḥ ||,B2,V10,V21
adhasthāt kuñcanenāśu kaṇṭhasaṃkocane kṛte | madhye paścimatānena syāt prāṇo brahmanāḍigaḥ ||,J7,
adhastāt kuñcanenāśu kaṇṭhasaṃkocane kṛte | madhyapaścimatānena syāt prāṇo madhadhyanāḍigaḥ ||,J6
adhastāt kuñcanenāśu kaṇṭhasaṃkocane kṛte | madhye paścimatānena syāt prāṇo madhadhyanāḍigaḥ ||,Bo2,N10,V16,V17,V14,V3,V6
adhastā kuñcanenāśu kaṇṭhasaṃkocane kṛte | madhye paścimatānena syāt prāṇo madhadhyanāḍigaḥ ||,J3,
adhastā kuñcanenāśu kaṇṭhaśaṃkocane kṛte | madhye paścimatānena syāt prāṇo madhadhyanāḍiga ||,J12,
adhas tāt kuñcanenāśu kaṇṭhasaṃkocane kṛte | madhye paścimatāna syāt prāṇo brahmāṇḍanāḍigaḥ ||,Ba,N4a
adhastākuñcanenāśu kaṇṭhasaṃkocane kṛte | madhyapaścimatānena syā? prāṇo brahmanāḍikaḥ ||,N5
adhastāt kuñcanenāśu kaṇṭhasaṃkocane kṛte | madhyapaścimatānena syāt prāṇo brahmanāḍikaḥ ||,C4
adhastākuñcaṇeṇāśu kaṇṭhaśaṇkocane kṛte | madhye paścamatānena syāt prāṇo madhye nāḍikā ||,N14
adhastāt kuñcanenaiva kaṇṭhasaṃkocane kṛte | madhye paścimatānena syāt prāṇo brahmanāḍikaḥ ||,N1
adhastāt kuñcanenaiva kaṇṭhaṃ saṃkocane kṛte | madhye paścimatānena syāt prāṇo brahmanāḍikaḥ ||,B3
adhas tāt kuñcanenāśu kaṇṭhasaṃkocane kṛte | madhye paścimatāṇena syāt prāṇo madhyanāgiḍaḥ ||,J4,
adhas tāt kuñcanenaiva kaṇṭhasaṃkocane kṛte | madhye paścimatānena syāt prāṇo madhyanāgiḍaḥ ||,J4,
adhamān kuñcanenāśu kaṇṭhasaṃkocane kṛte | madhye paścimatāṇena syāt prāṇo brahmanāḍigaḥ ||,J5,
adhastāt kuñcanenaiva kaṇṭhaṃ saṃkocane kṛte | madhye paścimatānena syāt prāṇo brahmanāḍigaḥ ||,C2
adhastāt kuñcanenaiva kaṇṭhasaṃkocane kṛte | madhyapaścimatānena syāt prāṇo brahmanāḍigaḥ ||,B1
adhasthāt kuñcanenaiva kaṇṭhasokocane kṛte | madhyapaścimatānena syāt prāṇo brahmanāḍigaḥ ||,N21
adhastā kuñcanenāsu kaṇṭhasaṃkocane kṛte | madhye paścimatāṇena syāt prāṇo madhyanāḍigaḥ ||,LD2,
adhastvā kuñcanenāsu kaṇṭhasaṃkocane kṛtaṃ | madhyapaścimatānena syāt prāṇo madhyanāḍigaḥ ||,N7,V13
adhastvā kuñcanenāsu kaṇṭhasaṃkocane kṛte | madhyapaścimatānena syāt prāṇe brahmanāḍigaḥ ||,N25
adhastāt kuñcanenāśu kaṇṭhasaṃkocane kṛte | madhyapaścimatānena syāt prāṇo madhyanāḍigaḥ ||,N16
adhastāt kuñcanenāśu kaṇṭhasaṃkocane kṛte | madhye paścimatānena syāt prāṇo madhyanāḍigaḥ ||,J1,N18,N19
adhastāt kuñcanenāsu kekatvaṃ saṃkocane krate madhye paścimatānena syāt prāṇo vastanāḍ?gaḥ ||,N9
adhastāt kuñcatenāśu kaṇṭhasaṃkocane kṛte | madhyapaścimatānena syāt prāṇo brahmanāḍitāḥ ||,N20
adhas tā kucanenāmaḥ kaṃcasaṃkocane kṛte | madhye paścimatānena prāṇasyā brahmanāḍīkaḥ ||,N22
adhas ta kuñcanenāśu kaṇṭhasaṃkocane kṛte | madhyapaścimatānena syāt prāṇo brahmanābhirāt ||,N23
adhas tāt kuñcanaunāśu kaṇṭhakocane kṛte | madhye paścimatāne tasyāt pāno madhyanāḍigaḥ ||,N24
adhas tāt kuñcanaunāśu kaṇṭhakocane kṛte | madhye paścimatāne tasyāt prāno madhyanāḍigaḥ ||,V18
0,Bo3,C5,J14,N2,N8,N11,V5,V2
āsthāpya,V1,V19
sansthāpya,V8
utthāpya,A1,B1,B2,B3,Ba,Ba5,Bo1,Bo2,C2,C3,C4,C6,C8,C9,J1,J3,J6,J7,J8,J10,J11,J13,J17,LD1,N17,W4,N2,N3,N4a,N5,N8,N9,N10,N11,N12,N13,N16,V16,V17,V10,N18,N21,V14,V21,V3,Tue,N23,N24,N26,V6,V7,V15,V28,V22,V18,V12,V13,
uthāpya,Ko,
usthāpya,J2,J12,
udhyāpya,N19
urthāpya,N14
utthāya,C1,N7,N20,
utprāpya,N22
uschāpya,N1
usthāpya,J4,
uchāpya,J5,
utchāpya?,LD2,
0,Bo3,C5,J14,N25,V20,V5,V2
virōdhāvadhi kumbhayet,
nirodhaṃ kumbhayet tataḥ,J13,
0,J14,
śītkaraḥ,B1,Ba,C8,
śītkaram,C6,
śīkāra,J7,
śītkāraḥ,C1,B3,J13,
śītakārāī,LD1,
sītkara,B1,Ba,Bo2,C2,C3,C4,J3,J4,
sītkāraḥ,J6
sītkāṃ,N18,N22,Tue,N24,N25,V15,V28,V22,V10
sītkād,V14
sītkā,Ko,
śītkāṃ,A1
sītkārī,Ba5,Bo1,J5,J12,
sītakārī,C9
sītakarākarmma,J10,
śītikārī,LD2,
sītalī,J2
sikta?,J1
sītkīṃ,V19,
sitkāṃ,J11,N19
sinktā?,B2
sātkāṃ,N21
dhiktāṃ,N23
kumbhaṃ,V3,J8,N20,V14,V21,N26,V16
kumbhakaṃ,V7,V20,V18,V12,V13,
kumbhakaḥ,V3
0,Bo3,C5,J14,V1,V6,V5,V2,
cakram āsādya,A1,B3,Ba,Bo1,C2,V1,J8pc,J10,J17,P28,V12,N21,V14,V20,V18,V16
cakrasāmānya,B1,J8ac,J11,J13,N19,N24,V3,V22
cakrasammānyaḥ,Ba5,Tue,V10
cakrastamānyaṃ,J2
cakrasāmānyaṃ,LD2
cakramādyāya,J12,
cakrasāmānya,J4,J5,
cakraṃ samāsādya,N17,W4
cakrasamāsādya,LD1,
cakranāśāya,N20,N26
cakrabhogyaś ca,N22
cakrasevyas tu,Bo2,C1,C4,C6,C8,J1,J3,J6,J7,V19,N18,V21,N25,V15,V28,V2,V13
cakrasevyas ta,N23
cakrabhogyas tu,N22
cakrābhimānyaḥ,Ko,
vaktram āsādya,C3,C9
0,Bo3,C5,J14,V6,V5
satyāmūlena randhreṇa,C4,J6,J8pc,J10,J17,V21,N25
sadāmūlena randhreṇa,J3,J6pc
satyāmūlena randhrenayaḥ,V18,V16
spṛśyamūlena randhreṇa,B1,B3,C2,J13,
rasanātālumūlena,N17,
rasanāmūla randhreṇa,C9,
rasavatyāmūla randhre yaḥ,N26
0,A1,B2,Ba,Ba5,Bo1,Bo2,Bo3,C1,C3,C4,C5,C6,C8,J1,J2,J4,J5,J7,J11,J12,J14,Ko,LD1,LD2,P28,W4,V3,V6,V20,V15,V5,V28,V22,V2,V12,V13,V10,V14
rasanātālumūlena,A1,B1,B2,B3,Bo1,C2,C4,C9,J4,J10,J12,J13,Ko,LD1,N21,N22,N25,N26,V1,V20,V15,V28
rasanātālumūle yaḥ,Ba,
rasanātālumūlenaya,V14,
rasanātālumūlenayaḥ,V2,V18,V12,V3,V16
rasanāttālumūlena,N20
rasanātālumūlaṃ ca,J5,
rasanātāluyogena,Bo2,C6,C8,J3,J6,J7,N18,V21,N23,V13
rasanātālayogena,J1,
rasanāṃ tālamūlena,J11
rasanānāṃ tālamūlena,N19
jihvayā vāyum ākṛṣya,Ba5,
satyāṃ mūlena randhreṇa,C3,
0,Bo3,C5,J2,J14,Tue,LD2,N24,V6,V5,V22,V10
pūrvavat kumbhakād anu,C4,C6,C8,J1,J4,J6pc,J7,J11,Ko,N21,V14,V21,N24,N25,V6,V19,V15,V28,V2
pūrvavat kūmbhakād anu,Bo2,
pūrvavat kumbhakād anmuṃ,Bo1,
pūrvavat kumbhayed anu,A1,V20
pūrvavat kumbhakād anū,N19
pūrve ce kumbhanād agu,J5,
pūrvavat kumbhakādane,N23,V7
pūrvavat kumbhakeṣv anu,B2
pūrvavat kumbhasādhanaṃ,B1,B3,Ba,Ba5,Bo3,C1,C2,C3,C9,J2,J3,J6,J10,J12,J13,LD1,LD2,N18,N22,V3,Tue,V22,V18,V12,V13,V3,V10,V16
kākacaṃcusamunnayāt,N26
kākacaṃcusamunnarayāt,N20,
0,C5,J14,V5
kapāle ca samantataḥ,V1
kapāle niḥsvanaṃ tathā,Ba,
kapole niḥsvanaṃ tadā,C1,
kapole nisvanaṃ tadā,J2,
kapole svāsanaṃ tataḥ,N26
kapole svasanaṃ tataḥ,V18
kapāla śvasamaṃ tataḥ,J4,
kapāle śvasanaṃ tataḥ,J11,
kapāle svaśanaṃ tataḥ,LD1,
kapole svaśanaṃ tataḥ,LD2,V16
kapole śvavaṇe tathā,B2,
kapole śvavaṇe tataḥ,V13,V3
kapola saśvanaṃ tataḥ,J5,
kapole sca sanantataḥ,V3
kayolesvaśanaṃtataḥ,N24
kapāla sasvanaṃ tataḥ,N21,V12
kapālasya samaṃ tataḥ,C3
kapālasyarśanaṃ tataḥ,J10,
kapāle sasvanaṃ tataḥ,Bo1,V14
kapāle mukhano marut,Ko,
kapālādhi sasvanaṃ tataḥ,V6
kapālasparśanaṃ tataḥ,C9,
kapālasya śanaṃ tataḥ,J12,
kapālādhi niḥsvanaṃ,C6,
kapālāvadhi sasvanaṃ,A1,Ba5,C8,J7,Tue,V7,V20,V28,V22,V10
kapālāvadhi pūrayet,B1,B3,Bo2,C2,C4,J1,J3,J6,J13,N25,V15,V2
kepālavadhi sasvanaṃ,N23,
0,Bo3,C5,J14,V21,V5
dhārayen nāsikāmadhye aṅgulībhyāṃ vinā dṛḍham,V1,V21
dhārayen nāsikāmadhye aṅgulībhyāṃ tathā dṛḍham,LD1,
dhārayen nāsikāmadhyaṃ aṅgulībhyāṃ tathā dṛḍham,A1,C9,
dhāraye nāsikāmadhyaṃ maṅgulānāṃ tathā dṛḍham,J12,
dhārayen nāsikāmadhaṃ aṅgulībhyāṃ tathā dṛḍham,V20
dhārayen nāsikāmadhya aṅgulībhyāṃ tathā dṛḍham,J10,
dhārayen nāsikāmadhye aṅgulībhyāṃ tathā dṛḍham,B2,C3,V18,V12,V16
dhārayen nāsīkāmadhye aṅgulībhyāṃ dṛḍham tathā,LD2,
dhārayen nāsikāmadhye aṅguṣṭhābhyāṃ tathā dṛḍham,N26,
dhārayen nāsikāmadhyṃ tarjanībhyāṃ vinā dṛḍham,Ko,
dhārayen nāsikāmadhyaṃ tarjanībhyāṃ vinā dṛḍham,J11,
dhārayen nāsikāmadhye tarjanībhyāṃ vinā dṛḍham,C6,J5,V3,N24,V6,V7,V28,V22,V2,V3,V14
dhāraye nāsikāmadhye tarjanībhyāṃ vinā dṛḍham,Ba,
dhārayen nāsikāṃ madhya tarjjanībhyāṃ vinā dṛḍham,Ba5,Bo2,J3,
dhāraye nāsikāṃ madhyā tarjjanībhyāṃ vinā dṛḍham,Ba5,V15
dhārayen nāsikāṃ madhyā tarjjanībhyāṃ vinā dṛḍham,J7,
dhāraye nāsikāṃ madhye tarjjanībhyāṃ vinā dṛḍham,Bo1,
dhārayen nāsikāmadhye tarjanībhyāṃ tathā dṛḍham,B1,B3,J13,V13
dhārayan nāsikāmadhye tarjanībhyāṃ tathā dṛḍham,C2,
dhārayen nāsikāmadhya tarjjanībhyāṃ vinā dṛḍhām,J1
dhārayen nāsikā madhye tarjanībhyāṃ vinā madam,J4,
dhārayen nāsikāṃ madhya tarjjanībhyāṃ yathā dṛḍham,C8
dhārayen nāsikāṃ madhya tarjjanībhyāṃ vinā dṛḍham,J6pc,
kārayen nāsikāṃ madhya tarjjanībhyāṃ vinā dṛḍham,J6,
dhārayen nāsikāṃ madhyāt tarjanībhyāṃ vinā dṛḍham,Tue
dhārayen nāsikāmadhyāt tarjanībhyāṃ vinā dṛḍham,C4,N25,V10
dhārayaṃ nāśikāmadhye tarjanabhyāṃ vinā dṛḍham,N23
dhāraae vāsikāmadhye tarjanībhyāṃ vinā dṛḍham,J2,
0,Bo3,C1,C5,J14,V5
kaṇdalībodhakaṃ viprabhavaghnaṃ sukhadaṃ śubhaṃ,V1
kuṇdalībodhanaṃ sarva doṣaghnaṃ sukhadaṃ śivaṃ,Bo1
kuṇdalībodhanaṃ sarva doṣaghnaṃ sukhadaṃ śuvaṃ,V15
kaṇdalībodhakaṃ ksipraṃpavanaṃ sukhadaṃ hitaṃ,V7
kuṇḍalo bodhaka kṣipraṃ pavanaṃ sukhadaṃ hitaṃ,J2
kuṇḍalībodhakaṃ kṣipraṃ pavanaṃ sukhadaṃ hitaṃ,Ba5,V22
kuṇḍalabodhakaṃ pāpāghnaṃ suṣadaṃ śubhaṃ,Ko,
kaṇḍalībodhanaṃ kuryāt pāpaghnaṃ sukhadaṃ śubhaṃ,V6,V2
kaṇḍalībodhanaṃ cakaṃ pāpaghnaṃ sukhada śubhaṃ,V14
kuṇḍalībodhanaṃ kuryāt pāpaghnaṃ sukhadaṃ śubhaṃ,B2,Bo2,C4,J3,J6,J7,J11,
kaṇḍalībodhanaṃ kuryāt pāpaghnaṃ subhaṃ tad śukhaṃ,V28
kuṇdalībādhakaṃ ksipraṃ pāpghnaṃ sukhadaṃ hitaṃ,Ba,
kuṇḍalībodhakaḥ karthūḥ roghnaṃḥ sukhadaḥ śubhaḥ,A1,V20
kuṇḍalībodhanaṃ karttur bhavaghnam sukhadaṃ śubhaṃ,C6,
kuṇḍalībodhakaṃ miśrabhavaghnam sukhadaṃ śubhaṃ,J4,
kuṇḍalībodhanaṃ kartuṃ bhavaghnam sukhadaṃ śubhadaṃ,C8,
kuṇḍalībodhakaḥ kumbho roghnaḥ sukhadaḥ śubhaḥ,C3,J10,
kuṇḍalībodhakaḥ kumbho roghnaḥ suṣadaḥ śubhaḥ,C9,
kuṇḍalībodhakaḥ kumbho rogaghnaḥ sukhadaḥ śubhaḥ,J12,LD1,LD2,V16
kuṇḍalībodhakaḥ kumbho rogaghnaṃ sukhadaṃ śubhaṃ,B1,B3,C2,J13,V18,V12,V13,V3
kuṇḍalīno bodhacakraṃ? bhāvadaṃ supada śubhāṃ,J5
0,Bo3,C1,C5,J14,V5,V10
guṇatrayasamudbhūtaṃ,Bo1,
samagātrasamudbhūtaṃ,J4,
samyagātrasamudbhūtaṃ,J7,
samyaggātrasamudbhūtaṃ,B2,Bo2,C4,C8,J2,J11,V1,V7,V2,V3
samya gātre samudbhūtaṃ,J5,
samyaggātre samudbhūtaṃ,J6,V28
samyaggātre samudbhūta,J3,
samyag gātraṃ samudbhūtaṃ,Ko,
samyaggātasamudbhūtam,V20,V15
samyagataḥ samudbhūtam,V14
samyak gātrasamudbhūta,Ba,V22
samyag antaḥ samudbhū,A1
samyag antaḥ samudbhūta,C6
samyak bhastrā samudbhūtā,B1,B3,C2,J12,J13,
samyak bhastrā samabhyāsaḥ,V13
samyag bhastrā samudbhūtāṃ,LD1,LD2,
samyak bhastrā samudbhūto,C3,J10,
samyag bhastri samudbhūtaṃ,C9
sasyagātrasamudbhūtaṃ,J1
samagātrasamudbhūtaṃ,V6,V16
samagātrasamudbhūtaghnaṃ,V18
0,Ba5,Bo3,C1,C5,J14,V5,V12,V10
vegair ghoṣaṃ,V1
vegākṛṣṭaṃ,Ba,J2,V15
vego tad ghoṣa,J1
vego ghoṣam,C3,C9,
vegāt ghoṣaṃ,A1,B2,B3,Ba5,C9,LD1,V6,V7,V22,V18,V12,V13,V14,V16
vegā ghoṣaṃ,V3
vegot ghoṣaṃ,J12,V2
vegot ghoṣe,V2,
vegodveṣaḥ,J4,
vaiṣodvaiṣaṃ,J5,
veget vege,V28
vegād ghoṣaṃ,J10,V20
vegod ghoṣaṃ,Bo2,C6,J10pc,J11,
vegodyoṣaṃ,J7,
vemod ghoṣaṃ,J3,J6,
vegodvegaṃ,C4,J13,
vegād aghoṣaṃ,B1,
vegād doṣaṃ,Bo1,
veṇu doṣaṃ,C2,
0,Bo3,C1,C5,J14,Ko,V5,V10
ārecyāpūrya yat kuryāt,
ārecyāpūrya vat kuryāt,J13,
recya vā pūrya sanakaiḥ,J11,
recake pūrakaṃ kuryāt,J12
recayitvā pūrakaḥ kāryaḥ,J14,
recake pūrakaṃ uktwā,V14
recaka pūraka kumbhai,V3,V16
recaka pūraka varjite,V10
0,
sa vai sahitakumbhakaḥ,J12,J13,
sa taiḥ sahitakumbhakaḥ,J14,
sa vai kevalakumbhakaḥ,V10
kāryaḥ sahitakumbhakaḥ,J11,
kāryaḥ śanai sahitakumbhakā,V3,V14
kāryaḥ śarveiḥ sahitakumbhakeiḥ,V16
0,
kumbhaka prāṇarecānte,A1,B1,B2,Bo2,C1,J1,J5,LD1,V2,V12
kumbhaka prāṇa cātte?,J10,
kumbhakaṃ prāṇarecānte,B3,C4,C9,J6,
kumbhakaṃ prāṇareṃcānte,J12,
kumbhataḥ prāṇarecānte,J7,
kumbhata prāṇarecānte,V3
kumbhakaṃ ghrāṇarecānte,LD2,
kumbhitaḥ prāṇarecānte,Bo1,V15
kumbhītaḥ prāṇarecānte,Ko,J11,J14,
kumbhīte prāṇarecānte,V14
kumbhītaprāṇareṣānte,J4,
tad etat prāṇarrecānte,C6,C8,
kumbhakaḥ prāṇarodhānte,Ba,Ba5,V7,V20,V22,V10
0,Bo3,C1,C5,V5,V13
